net,length_um
clknet_0_clk,512.01µm
_2054_,396.85µm
net179,393.08µm
net218,382.2µm
net189,378.49µm
net216,369.52µm
net224,363.53µm
net228,361.66µm
net195,360.16µm
net214,357.985µm
net399,352.37µm
net220,340.78µm
net200,337.87µm
net183,337.54µm
net222,332.03µm
clknet_3_0__leaf_clk,329.34µm
clknet_3_1__leaf_clk,329.16µm
clknet_3_3__leaf_clk,328.66µm
net358,328.5µm
net193,327.88µm
net212,324.51µm
_2036_,321.44µm
_2056_,321.33µm
_2000_,320.3µm
net198,319.855µm
_2037_,318.24µm
_2057_,318.08µm
net202,315.26µm
net210,315.03µm
net230,314.32µm
net446,312.26µm
net175,311.56µm
net208,310.91µm
net232,309.93µm
net171,308.84µm
net204,307.88µm
net181,303.86µm
net177,302.49µm
net250,302.36µm
net356,302.27µm
_2046_,300.67µm
net169,299.79µm
clknet_3_7__leaf_clk,299.12µm
_2022_,297.46µm
net237,296.88µm
net206,296.72µm
net185,292.46µm
net361,291.395µm
_2044_,290.15µm
_2043_,287.35µm
_2047_,285.14µm
_2042_,283.49µm
net226,282.99µm
_2055_,281.46µm
net187,279.86µm
clknet_3_6__leaf_clk,278.99µm
net191,278.06µm
_2033_,274.84µm
clknet_3_2__leaf_clk,269.04µm
net173,267.04µm
clk,263.81µm
clknet_3_5__leaf_clk,260.3µm
_2040_,258.15µm
net445,255.51µm
net364,249.3µm
net357,249.06µm
net415,238.07µm
_2023_,238.02µm
clknet_3_4__leaf_clk,236.74µm
_2045_,236.38µm
net362,234.42µm
net231,233.99µm
_2049_,230.45µm
_2025_,228.31µm
net365,226.72µm
_2058_,225.22µm
_2021_,220.7µm
net178,220.16µm
net190,216.92µm
net248,207.695µm
net363,207.43µm
net360,207.34µm
net382,207.34µm
net233,207.1µm
net174,207µm
net254,206.32µm
net385,204.89µm
_2019_,204.6µm
net180,203.86µm
net227,201.595µm
net359,200.075µm
_2050_,198.69µm
net407,198.03µm
net389,197.76µm
net188,196.68µm
net213,195.8µm
net196,195.78µm
net229,194.7µm
net207,194.52µm
net209,191.36µm
net223,189.52µm
net277,189.25µm
net199,189.02µm
net184,188.9µm
net406,188.81µm
_2035_,188.32µm
_2053_,188.14µm
net368,188.09µm
net288,187.68µm
net172,186.66µm
net373,186.32µm
net203,185.92µm
net434,185.12µm
net247,184.395µm
net253,183.64µm
_2059_,183.62µm
_2031_,182.635µm
net396,182.55µm
_2032_,182.36µm
net372,182.07µm
net272,179.96µm
net370,177.95µm
net388,177.38µm
net186,177.06µm
net378,176.34µm
net383,174.97µm
_2026_,174.44µm
net391,174.25µm
net211,172.8µm
net234,172.54µm
_2030_,172.52µm
net366,172.11µm
net170,171.71µm
net371,171.51µm
net221,171.39µm
net390,171.18µm
_2028_,170.32µm
net398,170.22µm
net379,169.91µm
net376,169.36µm
net219,167.4µm
net271,167.1µm
net387,166.95µm
net393,166.61µm
net201,165.83µm
net411,164.66µm
net410,160.14µm
net79,159.85µm
net429,159.76µm
net192,159.66µm
net412,159.08µm
net176,159.01µm
net374,158.78µm
net409,158.78µm
_2027_,158.53µm
_1720_,158.23µm
net225,157.99µm
net2,157.46µm
_1721_,156.71µm
net217,155.88µm
_1125_,155.5µm
net205,155.26µm
net256,154.5µm
net427,154.14µm
net251,153.16µm
net386,150.76µm
lsu.current_store_addr\[6\],150.18µm
net394,150.11µm
lsu.current_load_addr\[8\],147.885µm
net369,146.71µm
net269,146.59µm
net252,146.25µm
lsu.current_load_addr\[7\],146.175µm
net395,145.45µm
net397,144.84µm
net414,143.62µm
net284,143.58µm
net377,141.6µm
net245,141.26µm
net182,141.24µm
net367,140.88µm
net413,140.56µm
net215,140.53µm
net255,140.525µm
net422,139.34µm
clknet_leaf_11_clk,139.23µm
clknet_leaf_68_clk,138.42µm
net263,138.35µm
net279,137.24µm
net194,137.04µm
net290,136.78µm
net423,133.735µm
net264,133.54µm
_2052_,133.34µm
net430,133µm
net428,132.32µm
clknet_leaf_81_clk,131.76µm
net392,131.54µm
lsu.load_fifo.data_in\[31\],130.7µm
net424,130.18µm
clknet_leaf_87_clk,129.16µm
clknet_leaf_32_clk,129.06µm
net408,128.56µm
net380,128.41µm
net438,128.34µm
net436,128.3µm
net402,128.05µm
net375,127.84µm
lsu.current_load_addr\[5\],127.82µm
net276,127.1µm
clknet_leaf_70_clk,126.38µm
net401,125.89µm
clknet_leaf_80_clk,125.34µm
clknet_leaf_44_clk,124.32µm
net405,122.88µm
net266,121.88µm
lsu.current_load_addr\[19\],121.54µm
net165,121.24µm
net282,121.18µm
clknet_leaf_31_clk,117.92µm
lsu.current_load_addr\[0\],117.63µm
net244,117.4µm
clknet_leaf_45_clk,117.26µm
clknet_leaf_1_clk,115.2µm
net286,114.88µm
net443,114.26µm
clknet_leaf_3_clk,113.42µm
net404,113.2µm
net441,113.02µm
net439,112.79µm
_1666_,112.66µm
clknet_leaf_8_clk,111.82µm
net384,111.66µm
lsu.load_fifo.data_in\[8\],111.3µm
net274,111.14µm
net239,111.03µm
clknet_leaf_4_clk,110.98µm
lsu.current_store_addr\[11\],110.67µm
clknet_leaf_82_clk,110.3µm
net426,110.06µm
_1849_,110.01µm
net257,109.98µm
net338,109.16µm
net381,108.87µm
net160,106.58µm
net167,106.14µm
net270,105.4µm
_1925_,104.765µm
net46,104.7µm
net164,104.59µm
clknet_leaf_30_clk,104.4µm
net262,104.1µm
clknet_leaf_35_clk,102.64µm
net285,102.44µm
net442,102.44µm
net243,102.03µm
acc.data_out\[0\],101.74µm
net435,101.56µm
clknet_leaf_48_clk,101.52µm
net433,101.02µm
lsu.load_fifo.data_in\[22\],100.86µm
net318,100.44µm
net280,100.04µm
clknet_leaf_84_clk,99.52µm
net437,99.49µm
clknet_leaf_72_clk,99.47µm
net310,99.22µm
clknet_leaf_36_clk,98.84µm
net334,97.82µm
clknet_leaf_27_clk,97.12µm
net241,97.02µm
clknet_leaf_25_clk,96.98µm
net312,96.88µm
lsu.current_store_addr\[2\],96.6µm
lsu.load_fifo.r_ptr\[3\],96.16µm
_1719_,96.1µm
clknet_leaf_2_clk,96.1µm
net330,95.72µm
acc.data_out\[1\],95.68µm
net53,95.64µm
net300,95.315µm
clknet_leaf_17_clk,94.955µm
_1259_,94.72µm
net477,94.125µm
net425,94.1µm
lsu.load_fifo.data_in\[17\],93.48µm
net258,93.44µm
clknet_leaf_19_clk,93.42µm
clknet_leaf_61_clk,93.34µm
acc.data_out\[9\],92.64µm
lsu.current_load_addr\[10\],92.53µm
net268,92.38µm
net431,92.2µm
clknet_leaf_22_clk,92.01µm
clknet_leaf_37_clk,91.78µm
_1424_,91.06µm
clknet_leaf_65_clk,90.83µm
acc.byte1\[2\],90.64µm
lsu.store_fifo.r_ptr\[1\],90.34µm
net306,89.78µm
_1723_,89.64µm
clknet_leaf_56_clk,89.31µm
net483,88.87µm
clknet_leaf_60_clk,88.84µm
_1447_,88.63µm
_1294_,88.39µm
net350,88.06µm
net278,87.9µm
clknet_leaf_28_clk,87.86µm
net294,87.85µm
net314,87.7µm
net313,87.66µm
_1664_,87.48µm
_1718_,87.44µm
net336,87.36µm
net353,87.1µm
net240,86.78µm
net317,86.74µm
net238,86.735µm
acc.byte0\[2\],86.54µm
_1679_,86.4µm
net302,86.38µm
net304,86.24µm
clknet_leaf_64_clk,86.235µm
net400,86.11µm
_1851_,86.08µm
net346,85.98µm
net352,85.9µm
clknet_leaf_29_clk,85.64µm
_1838_,85.25µm
acc.data_out\[2\],85.24µm
net70,85.18µm
net440,84.82µm
clknet_leaf_5_clk,84.5µm
net320,84.02µm
net432,83.7µm
net80,83.68µm
net322,83.45µm
net261,82.99µm
lsu.current_load_addr\[17\],81.9µm
net242,81.9µm
_1168_,81.54µm
net292,81.4µm
_1388_,81.38µm
clknet_leaf_34_clk,81.34µm
net342,81.18µm
clknet_leaf_85_clk,80.74µm
net328,80.62µm
net354,80.38µm
net260,80.36µm
net344,80.24µm
clknet_leaf_20_clk,80.06µm
lsu.load_fifo.data_in\[28\],79.94µm
net403,79.765µm
clknet_leaf_83_clk,79.6µm
net308,79.48µm
net332,79.44µm
clknet_leaf_53_clk,79.36µm
clknet_leaf_33_clk,79.26µm
net348,79.03µm
net297,79µm
_1325_,78.87µm
net298,78.7µm
clknet_leaf_75_clk,78.44µm
lsu.current_store_addr\[9\],77.99µm
net324,77.72µm
clknet_leaf_71_clk,77.32µm
_1658_,77.28µm
clknet_leaf_24_clk,77.26µm
clknet_leaf_14_clk,77.19µm
lsu.load_fifo.data_in\[1\],77.16µm
clknet_leaf_49_clk,77.02µm
net168,76.93µm
_1154_,76.84µm
net281,76.82µm
clknet_leaf_13_clk,76.82µm
_1619_,76.675µm
net309,76.38µm
clknet_leaf_39_clk,75.8µm
clknet_leaf_78_clk,75.6µm
net161,75.52µm
net305,75.44µm
clknet_leaf_54_clk,75.32µm
_1622_,74.96µm
net54,74.82µm
lsu.current_load_addr\[6\],74.68µm
net420,74.365µm
clknet_leaf_21_clk,74.28µm
_1576_,74.18µm
net316,74µm
clknet_leaf_69_clk,73.66µm
_1930_,73.5µm
clknet_leaf_57_clk,73.48µm
net351,72.82µm
net249,72.64µm
net273,72µm
net38,71.8µm
net275,71.56µm
clknet_leaf_12_clk,71.38µm
_1206_,70.94µm
lsu.store_fifo.r_ptr\[0\],70.24µm
clknet_leaf_7_clk,70.24µm
net267,70µm
_1624_,69.76µm
_1586_,69.665µm
net32,69.42µm
net331,69.36µm
net326,69.34µm
clknet_leaf_67_clk,69.34µm
net340,69.32µm
clknet_leaf_6_clk,69.28µm
clknet_leaf_63_clk,69.18µm
lsu.store_counter\[18\],69.12µm
net283,69.075µm
_1522_,68.88µm
clknet_leaf_62_clk,68.87µm
clknet_leaf_9_clk,68.52µm
_1237_,68.12µm
net162,67.99µm
_1921_,67.7µm
clknet_leaf_77_clk,67.44µm
net444,67.32µm
clknet_leaf_43_clk,67.28µm
_1609_,67.14µm
net355,67µm
net323,66.98µm
clknet_leaf_23_clk,66.455µm
lsu.current_store_addr\[3\],66.34µm
lsu.current_store_addr\[7\],66.26µm
net91,66.2µm
net289,66.02µm
net163,65.97µm
_1612_,65.87µm
clknet_leaf_10_clk,65.74µm
clknet_leaf_47_clk,65.56µm
net343,65.5µm
lsu.current_load_addr\[16\],65.48µm
net296,65.02µm
acc.byte0\[7\],64.98µm
_1542_,64.74µm
_1376_,64.6µm
_1777_,64.52µm
net329,64.34µm
net341,64.3µm
acc.data_out\[4\],64.24µm
net337,64.1µm
clknet_leaf_51_clk,64.08µm
clknet_leaf_86_clk,64µm
clknet_leaf_59_clk,63.94µm
clknet_leaf_42_clk,63.84µm
clknet_leaf_15_clk,63.58µm
net265,62.875µm
_1472_,62.72µm
net339,62.41µm
_1174_,62.4µm
_1591_,62.38µm
clknet_leaf_79_clk,62.38µm
lsu.load_fifo.data_in\[7\],62.22µm
lsu.load_fifo.data_in\[18\],61.96µm
_1854_,61.78µm
clknet_leaf_55_clk,61.14µm
lsu.load_fifo.data_in\[19\],60.93µm
lsu.load_fifo.w_en,60.8µm
net349,60.79µm
_1173_,60.58µm
net345,60.52µm
lsu.load_fifo.data_in\[26\],60.46µm
net325,60.26µm
_1620_,60.17µm
lsu.store_counter\[19\],60.04µm
lsu.load_fifo.data_in\[0\],59.58µm
net307,59.36µm
lsu.load_fifo.w_ptr\[1\],59.12µm
_1126_,59.04µm
clknet_leaf_76_clk,59.02µm
net102,58.48µm
_1561_,58.275µm
clknet_leaf_0_clk,58.12µm
_1538_,57.76µm
net301,57.74µm
clknet_leaf_18_clk,57.66µm
_1468_,57.34µm
_1448_,57.3µm
_1635_,57.3µm
_1587_,57.175µm
net333,57.02µm
net166,56.68µm
_1601_,56.535µm
clknet_leaf_16_clk,56.32µm
_1452_,56.3µm
net478,56.275µm
acc.byte0\[0\],56.08µm
_1716_,55.96µm
_1516_,55.84µm
net470,55.745µm
lsu.current_store_addr\[15\],55.74µm
acc.data_out\[3\],55.7µm
clknet_leaf_66_clk,55.46µm
clknet_leaf_40_clk,55.35µm
_1299_,55.34µm
_1928_,55.26µm
net303,54.9µm
lsu.load_counter\[14\],54.64µm
_1345_,54.2µm
net321,54.18µm
lsu.load_fifo.w_ptr\[0\],54.17µm
clknet_leaf_50_clk,54.02µm
acc.byte3\[6\],53.6µm
_1606_,53.59µm
clknet_leaf_46_clk,53.52µm
net246,53.36µm
_1144_,53.12µm
_1306_,52.96µm
net98,52.84µm
_1639_,52.55µm
net88,52.5µm
clknet_leaf_41_clk,52.32µm
net335,52.22µm
lsu.store_counter\[12\],52.07µm
_1282_,52.04µm
_1340_,51.82µm
_1724_,51.76µm
acc.data_out\[8\],51.64µm
lsu.current_store_addr\[1\],51.5µm
net259,51.455µm
net287,51.16µm
clknet_leaf_38_clk,50.96µm
_1142_,50.64µm
lsu.load_counter\[2\],50.56µm
_1842_,50.26µm
lsu.current_store_addr\[0\],50.18µm
_1177_,49.98µm
net63,49.86µm
net419,49.66µm
_1833_,49.58µm
lsu.load_counter\[20\],49.44µm
_1381_,49.38µm
clknet_leaf_26_clk,49.2µm
lsu.current_load_addr\[2\],48.98µm
net291,48.96µm
lsu.load_counter\[11\],48.5µm
_2013_,48.46µm
lsu.store_counter\[17\],48.46µm
_1446_,48.44µm
net299,48.38µm
_1507_,48.24µm
net347,47.75µm
net479,47.68µm
_1546_,47.58µm
lsu.current_store_addr\[20\],47.58µm
net476,47.17µm
_1594_,47.07µm
_1434_,47.02µm
net293,46.9µm
_1519_,46.6µm
_1194_,46.52µm
_1502_,46.44µm
_1676_,46.4µm
_1407_,46.34µm
_1202_,46.3µm
net76,46.16µm
_1877_,46.1µm
_1547_,46µm
_1548_,45.795µm
_1496_,45.72µm
net480,45.7µm
lsu.current_store_addr\[19\],45.66µm
lsu.store_counter\[4\],45.4µm
net315,45.3µm
_1633_,44.74µm
net327,44.64µm
_2012_,44.52µm
net77,44.5µm
_1240_,44.32µm
acc.byte3\[4\],44.3µm
net319,44.28µm
lsu.store_fifo.w_ptr\[0\],44.27µm
net12,44µm
_1565_,43.94µm
_1145_,43.88µm
_1214_,43.82µm
lsu.current_load_addr\[1\],43.7µm
lsu.current_store_addr\[14\],43.66µm
lsu.store_counter\[14\],43.54µm
lsu.load_fifo.data_in\[20\],43.34µm
lsu.current_load_addr\[20\],43.28µm
net295,43.14µm
_1578_,42.88µm
net68,42.5µm
net27,42.4µm
net60,42.3µm
_1482_,42.28µm
_1923_,42.06µm
lsu.load_fifo.data_in\[11\],41.98µm
lsu.store_counter\[16\],41.94µm
_1512_,41.8µm
_1492_,41.72µm
net47,41.66µm
lsu.store_fifo.w_ptr\[2\],41.32µm
net416,41.285µm
_1583_,40.92µm
net311,40.92µm
_1568_,40.65µm
lsu.current_load_addr\[9\],40.46µm
_1239_,40.22µm
lsu.current_load_addr\[15\],40.12µm
lsu.current_load_addr\[13\],40.11µm
acc.byte1\[4\],40µm
_1778_,39.99µm
lsu.current_load_addr\[11\],39.66µm
lsu.load_fifo.data_in\[9\],39.46µm
lsu.store_fifo.w_ptr\[3\],39.17µm
clknet_leaf_74_clk,39.06µm
clknet_leaf_52_clk,39.02µm
acc.byte2\[2\],38.86µm
_1508_,38.84µm
lsu.load_counter\[0\],38.84µm
lsu.load_fifo.data_in\[15\],38.7µm
lsu.store_counter\[13\],38.7µm
lsu.store_fifo.r_en,38.58µm
_1228_,38.54µm
clknet_leaf_58_clk,38.48µm
net5,38.1µm
_1498_,37.9µm
lsu.load_fifo.data_in\[27\],37.78µm
lsu.current_store_addr\[8\],37.64µm
_1825_,37.6µm
_1818_,37.48µm
_1574_,37.37µm
_1532_,37.32µm
lsu.load_counter\[13\],37.32µm
net95,36.78µm
net418,36.5µm
lsu.current_load_addr\[14\],36.46µm
lsu.load_fifo.data_in\[4\],36.38µm
_1440_,36.26µm
_1616_,36.26µm
lsu.load_counter\[7\],36.26µm
_1852_,36.08µm
_1570_,36.01µm
lsu.store_counter\[5\],35.92µm
_1909_,35.86µm
acc.byte2\[0\],35.44µm
_1185_,35.42µm
net11,35.345µm
_1270_,35.2µm
lsu.load_fifo.data_in\[24\],35.14µm
_1831_,34.84µm
lsu.load_counter\[8\],34.77µm
net6,34.7µm
_2020_,34.62µm
net3,34.46µm
_1563_,34.36µm
lsu.load_counter\[4\],34.26µm
_1853_,34.2µm
acc.byte2\[1\],34.16µm
lsu.load_fifo.data_in\[10\],33.94µm
_1445_,33.9µm
lsu.current_store_addr\[12\],33.76µm
_1176_,33.74µm
lsu.current_store_addr\[13\],33.72µm
_1733_,33.65µm
_1663_,33.64µm
_1355_,33.52µm
lsu.load_counter\[16\],33.52µm
_1429_,33.4µm
net20,33.28µm
_1855_,33.22µm
lsu.store_counter\[10\],33.18µm
net18,33.14µm
lsu.load_counter\[18\],32.8µm
net7,32.5µm
_1486_,32.36µm
lsu.current_store_addr\[21\],32.32µm
_1674_,32.25µm
_1669_,31.92µm
lsu.store_counter\[8\],31.875µm
_1835_,31.76µm
_1998_,31.66µm
lsu.store_counter\[21\],31.4µm
lsu.load_fifo.data_in\[13\],31.24µm
net29,31.24µm
lsu.load_counter\[10\],31.22µm
lsu.load_counter\[17\],31.2µm
lsu.load_fifo.data_in\[14\],31.1µm
_1114_,31.08µm
_1456_,30.96µm
_1467_,30.8µm
net103,30.8µm
store_addr[9],30.75µm
lsu.current_load_addr\[12\],30.7µm
arst_i,30.67µm
_1926_,30.64µm
_1577_,30.6µm
_1408_,30.43µm
lsu.current_store_addr\[10\],30.38µm
_1236_,30.36µm
lsu.load_fifo.data_in\[6\],30.2µm
_1317_,30.16µm
_1222_,30.06µm
lsu.current_load_addr\[3\],30.04µm
lsu.load_fifo.data_in\[3\],29.98µm
lsu.store_fifo.queue\[0\]\[3\],29.86µm
lsu.load_counter\[6\],29.8µm
lsu.store_counter\[3\],29.62µm
lsu.store_counter\[6\],29.58µm
_1670_,29.54µm
lsu.store_counter\[15\],29.52µm
_1528_,29.5µm
lsu.load_fifo.queue\[7\]\[21\],29.36µm
_1651_,29.3µm
_2024_,29.26µm
lsu.store_counter\[2\],29.22µm
lsu.store_counter\[7\],29.21µm
_1572_,29.09µm
store_base_addr[9],29.05µm
lsu.load_fifo.data_in\[12\],28.92µm
lsu.storer_state\[2\],28.88µm
lsu.load_counter\[15\],28.83µm
net22,28.76µm
_1190_,28.7µm
acc.byte0\[4\],28.59µm
_1353_,28.51µm
store_base_addr[6],28.51µm
_1416_,28.38µm
net84,28.36µm
net139,28.28µm
_1645_,28.2µm
_1462_,28.16µm
_1526_,28.14µm
_2016_,28.12µm
_1513_,27.98µm
lsu.store_counter\[11\],27.905µm
_1536_,27.76µm
_1857_,27.66µm
_1668_,27.61µm
lsu.store_fifo.queue\[6\]\[3\],27.53µm
lsu.load_counter\[1\],27.52µm
net30,27.3µm
count[21],27.23µm
_1558_,27.205µm
lsu.load_counter\[19\],27.1µm
_1997_,27µm
net93,26.98µm
lsu.store_counter\[22\],26.96µm
_1130_,26.92µm
_1365_,26.785µm
_1847_,26.74µm
lsu.current_load_addr\[18\],26.66µm
_1667_,26.545µm
net15,26.52µm
lsu.load_fifo.queue\[12\]\[29\],26.48µm
lsu.load_fifo.r_en,26.48µm
_1404_,26.18µm
lsu.store_counter\[20\],26.16µm
_1344_,26.14µm
_1673_,26.14µm
net417,26.055µm
_1253_,26.04µm
_1569_,25.94µm
count[5],25.92µm
_1931_,25.85µm
count[8],25.84µm
_1339_,25.82µm
_1186_,25.8µm
_1373_,25.68µm
lsu.load_fifo.data_in\[5\],25.62µm
_2041_,25.58µm
_1731_,25.48µm
lsu.load_fifo.queue\[6\]\[9\],25.47µm
_1929_,25.45µm
lsu.current_load_addr\[4\],25.41µm
_2015_,25.24µm
lsu.storer_state\[1\],25µm
_1413_,24.98µm
_1328_,24.96µm
lsu.load_fifo.queue\[12\]\[22\],24.91µm
_1470_,24.8µm
lsu.load_fifo.queue\[10\]\[4\],24.71µm
_1155_,24.56µm
_1318_,24.54µm
store_base_addr[19],24.53µm
lsu.load_fifo.data_in\[2\],24.46µm
_1215_,24.38µm
_2011_,24.38µm
lsu.load_fifo.queue\[0\]\[15\],24.38µm
net19,24.38µm
lsu.load_fifo.queue\[14\]\[2\],24.325µm
lsu.load_fifo.queue\[11\]\[4\],24.3µm
lsu.load_fifo.queue\[4\]\[1\],24.26µm
lsu.load_fifo.queue\[4\]\[31\],24.22µm
_1313_,24.18µm
lsu.load_fifo.queue\[7\]\[1\],24.18µm
store_base_addr[16],24.13µm
_1231_,24.12µm
net146,24.12µm
_1382_,24.08µm
lsu.store_fifo.queue\[1\]\[8\],24.08µm
lsu.load_fifo.queue\[3\]\[4\],24.06µm
_1488_,24µm
load_data[7],24µm
_2039_,23.985µm
_1729_,23.91µm
lsu.load_fifo.queue\[3\]\[29\],23.9µm
lsu.storer_state\[0\],23.9µm
_1245_,23.86µm
_1858_,23.8µm
_1832_,23.78µm
lsu.load_fifo.queue\[3\]\[28\],23.72µm
_0626_,23.695µm
net140,23.66µm
net150,23.64µm
_1761_,23.58µm
lsu.load_fifo.queue\[8\]\[30\],23.52µm
_1297_,23.48µm
lsu.load_fifo.queue\[7\]\[16\],23.46µm
_1846_,23.44µm
_1107_,23.42µm
_1258_,23.36µm
_1354_,23.34µm
lsu.load_fifo.queue\[10\]\[7\],23.305µm
lsu.load_fifo.queue\[6\]\[13\],23.23µm
_1557_,23.205µm
lsu.load_fifo.queue\[6\]\[16\],23.165µm
lsu.store_fifo.w_en,23.16µm
_0702_,23.105µm
lsu.store_fifo.queue\[0\]\[4\],23.08µm
lsu.load_fifo.queue\[14\]\[29\],23.06µm
lsu.load_fifo.queue\[14\]\[31\],23.045µm
lsu.load_fifo.queue\[1\]\[9\],23.04µm
lsu.load_fifo.queue\[1\]\[16\],23.02µm
_1216_,23µm
_1391_,23µm
lsu.load_fifo.queue\[10\]\[18\],22.965µm
_1956_,22.94µm
count[1],22.92µm
lsu.load_counter\[12\],22.92µm
_1880_,22.9µm
_1549_,22.88µm
lsu.load_fifo.queue\[1\]\[3\],22.88µm
net92,22.82µm
_1357_,22.72µm
_1143_,22.66µm
lsu.current_store_addr\[16\],22.63µm
lsu.load_fifo.queue\[6\]\[3\],22.605µm
lsu.load_fifo.queue\[12\]\[21\],22.6µm
_1435_,22.565µm
lsu.load_fifo.queue\[4\]\[26\],22.54µm
_1466_,22.52µm
_1420_,22.41µm
lsu.load_counter\[21\],22.38µm
_1348_,22.36µm
_1281_,22.32µm
lsu.acc_state\[1\],22.32µm
lsu.load_fifo.queue\[1\]\[19\],22.32µm
lsu.load_fifo.queue\[14\]\[9\],22.245µm
_1402_,22.24µm
_1377_,22.23µm
lsu.load_fifo.queue\[5\]\[31\],22.22µm
lsu.load_fifo.queue\[10\]\[15\],22.185µm
lsu.current_load_addr\[21\],22.18µm
lsu.store_fifo.queue\[12\]\[0\],22.16µm
_1996_,22.14µm
count[7],22.14µm
lsu.load_fifo.queue\[1\]\[29\],22.14µm
lsu.load_fifo.queue\[6\]\[1\],22.065µm
lsu.load_fifo.queue\[4\]\[12\],22.06µm
store_base_addr[4],22.05µm
_1380_,22.02µm
lsu.load_fifo.queue\[6\]\[10\],21.965µm
net28,21.94µm
lsu.current_store_addr\[5\],21.9µm
lsu.store_fifo.queue\[9\]\[5\],21.9µm
_1198_,21.88µm
_1268_,21.88µm
_1279_,21.86µm
store_addr[20],21.85µm
_1271_,21.845µm
acc.byte1\[1\],21.84µm
lsu.load_fifo.queue\[5\]\[25\],21.8µm
net159,21.8µm
lsu.load_counter\[5\],21.74µm
_1631_,21.72µm
lsu.load_counter\[22\],21.64µm
net39,21.62µm
net460,21.54µm
_1479_,21.52µm
_1335_,21.46µm
net100,21.46µm
_1255_,21.44µm
lsu.load_fifo.queue\[1\]\[4\],21.44µm
lsu.load_fifo.queue\[6\]\[29\],21.435µm
net143,21.42µm
lsu.loader_state\[1\],21.39µm
lsu.load_fifo.queue\[6\]\[21\],21.365µm
net35,21.36µm
_1808_,21.34µm
_1359_,21.32µm
_1298_,21.28µm
net1139,21.28µm
net966,21.26µm
lsu.load_counter\[3\],21.22µm
_1939_,21.2µm
_1938_,21.18µm
lsu.load_fifo.queue\[14\]\[26\],21.165µm
lsu.store_fifo.queue\[7\]\[7\],21.16µm
_1269_,21.12µm
net82,21.12µm
_1671_,21.1µm
_1999_,21.08µm
lsu.load_fifo.data_in\[16\],21.08µm
net131,21.08µm
net136,21.04µm
lsu.load_fifo.queue\[12\]\[15\],21.02µm
lsu.loader_state\[0\],21.02µm
lsu.load_fifo.queue\[14\]\[24\],20.97µm
_1316_,20.82µm
lsu.load_fifo.queue\[3\]\[16\],20.8µm
_1934_,20.74µm
_1110_,20.7µm
_1275_,20.66µm
store_base_addr[17],20.65µm
count[3],20.62µm
lsu.store_fifo.queue\[1\]\[6\],20.62µm
_1743_,20.58µm
net456,20.56µm
lsu.load_fifo.queue\[13\]\[28\],20.52µm
_1605_,20.515µm
_1261_,20.505µm
_1163_,20.5µm
_1303_,20.5µm
_1632_,20.5µm
lsu.load_fifo.queue\[5\]\[20\],20.5µm
lsu.load_fifo.queue\[11\]\[14\],20.46µm
_1792_,20.42µm
_1285_,20.4µm
lsu.load_fifo.queue\[13\]\[26\],20.37µm
net21,20.355µm
lsu.load_fifo.queue\[2\]\[31\],20.305µm
lsu.load_fifo.queue\[9\]\[17\],20.3µm
_1396_,20.28µm
net83,20.28µm
lsu.load_fifo.queue\[15\]\[0\],20.26µm
lsu.store_counter\[9\],20.26µm
lsu.load_fifo.queue\[3\]\[3\],20.24µm
store_base_addr[7],20.23µm
lsu.store_counter\[0\],20.2µm
lsu.store_fifo.queue\[3\]\[9\],20.18µm
lsu.load_fifo.queue\[2\]\[20\],20.15µm
lsu.load_fifo.queue\[9\]\[21\],20.08µm
lsu.store_fifo.queue\[4\]\[2\],20.04µm
lsu.load_fifo.queue\[15\]\[27\],19.98µm
_1336_,19.97µm
lsu.load_fifo.data_in\[30\],19.96µm
net16,19.92µm
_1063_,19.905µm
_1393_,19.9µm
lsu.load_fifo.queue\[1\]\[21\],19.82µm
store_addr[4],19.81µm
_1582_,19.8µm
net1191,19.72µm
lsu.store_fifo.queue\[15\]\[8\],19.66µm
acc.byte1\[0\],19.64µm
_1672_,19.62µm
lsu.load_fifo.queue\[15\]\[3\],19.6µm
_1712_,19.58µm
lsu.load_fifo.queue\[2\]\[12\],19.57µm
lsu.load_fifo.queue\[6\]\[15\],19.57µm
_1539_,19.54µm
lsu.current_store_addr\[4\],19.54µm
net17,19.52µm
_1106_,19.5µm
_1640_,19.5µm
lsu.load_fifo.queue\[8\]\[27\],19.48µm
lsu.load_fifo.queue\[2\]\[24\],19.43µm
_1728_,19.38µm
lsu.store_fifo.queue\[9\]\[7\],19.38µm
_1263_,19.36µm
lsu.load_fifo.queue\[14\]\[30\],19.345µm
_1725_,19.33µm
lsu.store_fifo.queue\[10\]\[9\],19.325µm
lsu.load_fifo.queue\[8\]\[14\],19.32µm
lsu.store_fifo.queue\[7\]\[2\],19.32µm
_1936_,19.28µm
acc.state,19.28µm
lsu.load_fifo.queue\[11\]\[26\],19.28µm
lsu.load_fifo.queue\[10\]\[26\],19.245µm
lsu.store_fifo.queue\[7\]\[4\],19.24µm
_1483_,19.2µm
lsu.load_fifo.queue\[15\]\[4\],19.2µm
lsu.load_fifo.queue\[14\]\[1\],19.19µm
lsu.load_fifo.queue\[10\]\[1\],19.17µm
net1032,19.16µm
_1422_,19.14µm
_1444_,19.12µm
_1621_,19.1µm
net1212,19.1µm
_1105_,19.08µm
_1305_,19.08µm
_1296_,19.06µm
net128,19.06µm
lsu.load_fifo.queue\[8\]\[13\],19.04µm
net551,19.04µm
_1109_,19.02µm
_1652_,19µm
_0423_,18.985µm
_1887_,18.98µm
_1425_,18.97µm
_1555_,18.965µm
lsu.load_fifo.queue\[3\]\[18\],18.96µm
load_base_addr[14],18.94µm
lsu.load_fifo.queue\[15\]\[7\],18.94µm
_2048_,18.92µm
lsu.load_fifo.queue\[2\]\[1\],18.9µm
lsu.load_fifo.queue\[11\]\[20\],18.88µm
lsu.load_fifo.queue\[13\]\[18\],18.86µm
lsu.store_fifo.queue\[9\]\[0\],18.86µm
lsu.load_fifo.queue\[6\]\[17\],18.85µm
_1476_,18.82µm
_1566_,18.82µm
lsu.load_fifo.queue\[5\]\[5\],18.82µm
net663,18.82µm
lsu.store_fifo.queue\[2\]\[6\],18.805µm
lsu.load_fifo.queue\[5\]\[29\],18.8µm
lsu.store_fifo.queue\[0\]\[9\],18.78µm
count[20],18.75µm
_1287_,18.74µm
_1844_,18.74µm
net132,18.74µm
net8,18.685µm
_2034_,18.68µm
net1290,18.66µm
lsu.load_fifo.queue\[2\]\[23\],18.645µm
_1975_,18.64µm
lsu.load_fifo.queue\[10\]\[2\],18.625µm
_1104_,18.6µm
_1421_,18.6µm
_1551_,18.6µm
_1637_,18.58µm
_1343_,18.56µm
lsu.store_fifo.queue\[2\]\[7\],18.545µm
store_base_addr[5],18.49µm
lsu.load_fifo.queue\[6\]\[26\],18.485µm
_2029_,18.48µm
lsu.load_fifo.queue\[7\]\[11\],18.46µm
store_addr[13],18.45µm
_0439_,18.445µm
_1727_,18.44µm
net14,18.44µm
_1927_,18.4µm
_1617_,18.39µm
lsu.load_fifo.queue\[11\]\[5\],18.36µm
lsu.load_fifo.queue\[13\]\[16\],18.36µm
lsu.load_fifo.queue\[13\]\[3\],18.36µm
lsu.load_fifo.queue\[5\]\[3\],18.36µm
_1675_,18.34µm
lsu.load_fifo.queue\[13\]\[24\],18.33µm
lsu.store_fifo.queue\[8\]\[9\],18.32µm
store_base_addr[2],18.29µm
_0799_,18.28µm
lsu.load_fifo.queue\[13\]\[31\],18.28µm
net23,18.24µm
net1012,18.24µm
lsu.load_fifo.queue\[7\]\[6\],18.23µm
_1911_,18.22µm
net133,18.22µm
lsu.load_fifo.queue\[6\]\[2\],18.165µm
_1375_,18.14µm
acc.byte3\[1\],18.14µm
lsu.load_fifo.queue\[4\]\[16\],18.12µm
lsu.load_fifo.queue\[14\]\[17\],18.105µm
_1726_,18.1µm
_1830_,18.1µm
lsu.load_fifo.r_ptr\[2\],18.06µm
lsu.load_fifo.queue\[10\]\[11\],18.055µm
acc.byte3\[2\],18.04µm
count[11],18.02µm
net1237,18.02µm
net45,18µm
_1341_,17.99µm
lsu.load_fifo.queue\[7\]\[7\],17.98µm
lsu.load_fifo.queue\[10\]\[6\],17.945µm
_2014_,17.94µm
lsu.store_fifo.queue\[0\]\[1\],17.92µm
_1331_,17.91µm
count[4],17.9µm
lsu.load_fifo.queue\[5\]\[19\],17.9µm
lsu.store_fifo.queue\[11\]\[9\],17.9µm
lsu.load_fifo.queue\[2\]\[13\],17.885µm
lsu.load_fifo.queue\[0\]\[2\],17.88µm
net25,17.86µm
clknet_leaf_73_clk,17.86µm
_0066_,17.83µm
_0797_,17.82µm
_1684_,17.82µm
net101,17.8µm
net135,17.78µm
store_data[3],17.75µm
_1523_,17.72µm
lsu.load_fifo.queue\[14\]\[20\],17.71µm
net86,17.68µm
_1201_,17.67µm
lsu.load_fifo.queue\[2\]\[18\],17.67µm
lsu.store_fifo.queue\[14\]\[5\],17.67µm
_1545_,17.64µm
_1560_,17.64µm
lsu.store_fifo.queue\[0\]\[8\],17.62µm
net236,17.62µm
_1398_,17.6µm
net114,17.6µm
lsu.store_fifo.queue\[2\]\[1\],17.59µm
_1480_,17.58µm
_1499_,17.58µm
lsu.load_fifo.queue\[15\]\[2\],17.58µm
load_base_addr[11],17.56µm
_1600_,17.55µm
_1369_,17.52µm
_2008_,17.52µm
lsu.load_fifo.queue\[11\]\[29\],17.52µm
lsu.load_fifo.queue\[15\]\[1\],17.52µm
_1932_,17.48µm
lsu.load_fifo.queue\[12\]\[5\],17.48µm
net41,17.48µm
_0336_,17.465µm
_1349_,17.46µm
_1469_,17.46µm
net744,17.46µm
_1361_,17.44µm
_1839_,17.44µm
lsu.load_fifo.queue\[15\]\[17\],17.44µm
lsu.load_fifo.queue\[3\]\[6\],17.41µm
lsu.load_fifo.queue\[7\]\[14\],17.4µm
lsu.load_fifo.queue\[9\]\[26\],17.4µm
lsu.load_fifo.queue\[11\]\[8\],17.38µm
lsu.load_fifo.queue\[14\]\[13\],17.365µm
net518,17.36µm
net1300,17.36µm
lsu.load_fifo.queue\[9\]\[23\],17.34µm
net1088,17.34µm
lsu.load_fifo.queue\[11\]\[15\],17.33µm
store_data[1],17.33µm
lsu.load_fifo.queue\[3\]\[0\],17.32µm
_1559_,17.28µm
_1427_,17.26µm
_1460_,17.26µm
_1553_,17.25µm
_1804_,17.235µm
lsu.load_fifo.queue\[14\]\[10\],17.23µm
_0244_,17.225µm
lsu.load_fifo.queue\[3\]\[22\],17.22µm
lsu.load_fifo.queue\[11\]\[21\],17.2µm
lsu.load_fifo.queue\[15\]\[26\],17.2µm
lsu.store_fifo.queue\[9\]\[4\],17.18µm
net674,17.14µm
store_data[7],17.13µm
load_base_addr[17],17.1µm
lsu.load_fifo.queue\[5\]\[2\],17.1µm
lsu.load_fifo.queue\[4\]\[30\],17.06µm
lsu.load_fifo.queue\[5\]\[4\],17.06µm
_0385_,17.045µm
_1562_,17.04µm
lsu.load_fifo.queue\[1\]\[17\],17.02µm
lsu.store_fifo.queue\[11\]\[4\],17.02µm
_1291_,17µm
lsu.load_fifo.queue\[10\]\[22\],16.99µm
lsu.load_fifo.queue\[15\]\[24\],16.98µm
lsu.load_fifo.queue\[9\]\[12\],16.98µm
_1116_,16.96µm
lsu.load_fifo.queue\[15\]\[9\],16.95µm
net129,16.94µm
load_addr[1],16.92µm
lsu.store_fifo.queue\[15\]\[9\],16.92µm
_1856_,16.9µm
lsu.load_fifo.queue\[4\]\[21\],16.9µm
lsu.load_fifo.queue\[5\]\[16\],16.9µm
lsu.load_fifo.queue\[13\]\[30\],16.86µm
lsu.load_fifo.queue\[15\]\[14\],16.86µm
lsu.load_fifo.queue\[3\]\[25\],16.86µm
net1103,16.84µm
lsu.load_fifo.queue\[6\]\[12\],16.83µm
acc.byte3\[0\],16.82µm
lsu.load_fifo.queue\[8\]\[11\],16.8µm
lsu.load_fifo.queue\[6\]\[4\],16.79µm
lsu.store_fifo.queue\[2\]\[5\],16.79µm
_1524_,16.76µm
lsu.load_fifo.queue\[4\]\[23\],16.76µm
lsu.store_fifo.queue\[3\]\[1\],16.76µm
lsu.store_fifo.queue\[7\]\[9\],16.76µm
acc.byte2\[7\],16.74µm
lsu.load_fifo.queue\[10\]\[24\],16.725µm
_0918_,16.72µm
_1097_,16.72µm
_1134_,16.72µm
lsu.load_fifo.queue\[12\]\[18\],16.72µm
lsu.load_fifo.queue\[7\]\[10\],16.72µm
net1071,16.72µm
lsu.load_fifo.queue\[8\]\[26\],16.7µm
_0726_,16.685µm
lsu.store_fifo.queue\[15\]\[6\],16.68µm
lsu.load_fifo.queue\[15\]\[18\],16.66µm
lsu.store_counter\[1\],16.66µm
lsu.load_fifo.queue\[3\]\[15\],16.64µm
net1150,16.64µm
lsu.load_fifo.queue\[6\]\[11\],16.61µm
_0534_,16.605µm
_1160_,16.6µm
_1181_,16.6µm
_1976_,16.6µm
lsu.load_fifo.queue\[0\]\[13\],16.58µm
lsu.load_fifo.queue\[1\]\[1\],16.58µm
lsu.load_fifo.queue\[10\]\[31\],16.565µm
lsu.load_fifo.queue\[5\]\[10\],16.56µm
lsu.load_fifo.queue\[5\]\[26\],16.56µm
lsu.store_fifo.queue\[13\]\[5\],16.52µm
lsu.store_fifo.queue\[12\]\[9\],16.48µm
_1752_,16.46µm
lsu.load_fifo.queue\[13\]\[10\],16.44µm
lsu.load_fifo.queue\[1\]\[10\],16.44µm
_1115_,16.42µm
lsu.load_fifo.queue\[15\]\[21\],16.42µm
_1430_,16.41µm
net13,16.4µm
_0405_,16.375µm
lsu.load_fifo.queue\[2\]\[9\],16.37µm
lsu.load_fifo.queue\[2\]\[19\],16.33µm
lsu.store_fifo.queue\[3\]\[7\],16.32µm
lsu.load_fifo.queue\[15\]\[25\],16.31µm
lsu.load_fifo.queue\[2\]\[27\],16.31µm
lsu.load_fifo.queue\[2\]\[2\],16.305µm
_1438_,16.3µm
net1274,16.3µm
store_base_addr[8],16.29µm
_1511_,16.28µm
lsu.load_fifo.queue\[12\]\[12\],16.26µm
lsu.load_fifo.queue\[7\]\[22\],16.26µm
lsu.load_fifo.queue\[9\]\[14\],16.24µm
lsu.store_fifo.queue\[1\]\[1\],16.24µm
_0844_,16.225µm
net473,16.22µm
lsu.load_fifo.queue\[8\]\[19\],16.2µm
lsu.load_fifo.queue\[10\]\[5\],16.185µm
lsu.load_fifo.queue\[14\]\[25\],16.185µm
load_base_addr[21],16.18µm
net1163,16.18µm
_1687_,16.14µm
lsu.load_fifo.queue\[0\]\[10\],16.14µm
lsu.load_fifo.queue\[12\]\[13\],16.14µm
lsu.load_fifo.queue\[4\]\[8\],16.14µm
net1308,16.14µm
lsu.load_fifo.queue\[14\]\[16\],16.105µm
_1111_,16.1µm
_1152_,16.1µm
acc.byte2\[6\],16.1µm
lsu.load_fifo.queue\[12\]\[30\],16.1µm
lsu.load_fifo.queue\[13\]\[22\],16.1µm
lsu.load_fifo.queue\[9\]\[9\],16.1µm
lsu.store_fifo.queue\[4\]\[9\],16.1µm
_1714_,16.095µm
store_addr[21],16.07µm
store_req,16.07µm
_1453_,16.06µm
lsu.load_fifo.queue\[8\]\[12\],16.06µm
lsu.store_fifo.queue\[7\]\[0\],16.04µm
net974,16.04µm
_1584_,16.02µm
_1370_,16µm
lsu.load_fifo.queue\[3\]\[12\],15.985µm
lsu.store_fifo.queue\[11\]\[8\],15.98µm
net4,15.98µm
net1056,15.92µm
lsu.load_fifo.queue\[2\]\[4\],15.91µm
lsu.load_fifo.queue\[6\]\[25\],15.91µm
net887,15.88µm
_1100_,15.86µm
_1881_,15.86µm
net89,15.86µm
lsu.load_fifo.queue\[6\]\[31\],15.845µm
lsu.load_fifo.queue\[6\]\[8\],15.845µm
lsu.load_fifo.queue\[4\]\[13\],15.84µm
lsu.load_fifo.queue\[10\]\[29\],15.83µm
lsu.load_fifo.queue\[6\]\[5\],15.83µm
lsu.load_fifo.queue\[14\]\[12\],15.805µm
lsu.store_fifo.queue\[7\]\[1\],15.8µm
net154,15.8µm
store_data[5],15.79µm
lsu.store_fifo.queue\[11\]\[2\],15.78µm
acc.byte3\[5\],15.77µm
lsu.load_fifo.queue\[14\]\[15\],15.765µm
lsu.load_fifo.queue\[14\]\[28\],15.765µm
lsu.load_fifo.queue\[14\]\[7\],15.765µm
_1820_,15.76µm
lsu.load_fifo.queue\[6\]\[23\],15.745µm
lsu.store_fifo.queue\[14\]\[2\],15.745µm
lsu.load_fifo.w_ptr\[3\],15.74µm
lsu.store_fifo.queue\[12\]\[1\],15.74µm
net687,15.74µm
done,15.73µm
lsu.store_fifo.queue\[6\]\[4\],15.73µm
_1217_,15.72µm
lsu.load_fifo.queue\[4\]\[29\],15.72µm
lsu.load_fifo.queue\[4\]\[4\],15.72µm
_1246_,15.7µm
lsu.current_store_addr\[18\],15.7µm
lsu.store_fifo.queue\[10\]\[6\],15.7µm
lsu.load_fifo.queue\[14\]\[19\],15.685µm
net897,15.66µm
lsu.load_fifo.queue\[12\]\[28\],15.64µm
store_base_addr[3],15.61µm
lsu.load_fifo.queue\[1\]\[28\],15.6µm
_0062_,15.59µm
net961,15.58µm
lsu.load_fifo.queue\[4\]\[17\],15.56µm
_1319_,15.54µm
_1942_,15.54µm
lsu.load_fifo.queue\[3\]\[30\],15.54µm
lsu.store_fifo.queue\[8\]\[2\],15.54µm
_1696_,15.52µm
_1894_,15.52µm
lsu.current_store_addr\[17\],15.52µm
lsu.load_fifo.queue\[3\]\[10\],15.52µm
lsu.store_fifo.queue\[4\]\[6\],15.52µm
_1112_,15.46µm
lsu.load_fifo.queue\[8\]\[9\],15.46µm
net1053,15.44µm
_1081_,15.42µm
_1161_,15.42µm
_1273_,15.42µm
net118,15.42µm
_1505_,15.4µm
_1699_,15.38µm
lsu.store_fifo.queue\[5\]\[1\],15.38µm
_1102_,15.36µm
lsu.load_fifo.queue\[14\]\[4\],15.325µm
lsu.load_fifo.queue\[11\]\[17\],15.32µm
_1866_,15.3µm
lsu.load_fifo.queue\[2\]\[30\],15.29µm
acc.byte3\[3\],15.28µm
_0256_,15.265µm
lsu.load_fifo.queue\[4\]\[18\],15.26µm
net1192,15.26µm
_1346_,15.24µm
lsu.load_fifo.queue\[5\]\[7\],15.24µm
lsu.load_fifo.queue\[12\]\[31\],15.22µm
lsu.load_fifo.queue\[9\]\[31\],15.22µm
lsu.store_fifo.queue\[1\]\[7\],15.22µm
lsu.store_fifo.queue\[5\]\[4\],15.22µm
net824,15.2µm
_1199_,15.19µm
_0377_,15.185µm
_1915_,15.18µm
lsu.load_fifo.queue\[7\]\[24\],15.18µm
lsu.load_fifo.queue\[7\]\[8\],15.18µm
lsu.store_fifo.queue\[8\]\[7\],15.18µm
lsu.load_fifo.queue\[2\]\[21\],15.15µm
lsu.load_fifo.queue\[13\]\[15\],15.14µm
_1788_,15.12µm
lsu.store_fifo.queue\[12\]\[4\],15.12µm
_1705_,15.11µm
lsu.load_fifo.queue\[11\]\[30\],15.1µm
lsu.load_fifo.queue\[1\]\[5\],15.1µm
lsu.load_fifo.queue\[7\]\[18\],15.1µm
net156,15.1µm
lsu.load_fifo.queue\[1\]\[8\],15.06µm
lsu.load_fifo.queue\[7\]\[12\],15.06µm
store_addr[18],15.05µm
lsu.load_fifo.queue\[10\]\[9\],15.045µm
_1218_,15.04µm
_1356_,15.04µm
_1423_,15µm
lsu.load_fifo.queue\[11\]\[31\],15µm
_0996_,14.965µm
net1148,14.96µm
lsu.load_fifo.queue\[6\]\[27\],14.95µm
lsu.store_fifo.queue\[6\]\[0\],14.945µm
lsu.store_fifo.queue\[6\]\[5\],14.945µm
_1681_,14.94µm
lsu.load_fifo.queue\[15\]\[19\],14.94µm
lsu.store_fifo.queue\[5\]\[8\],14.94µm
_1295_,14.93µm
store_base_addr[11],14.93µm
lsu.store_fifo.queue\[10\]\[7\],14.91µm
_1473_,14.88µm
lsu.store_fifo.queue\[5\]\[7\],14.88µm
lsu.load_fifo.queue\[3\]\[5\],14.86µm
net471,14.83µm
lsu.load_fifo.queue\[4\]\[25\],14.82µm
_0721_,14.805µm
_1450_,14.8µm
lsu.load_fifo.queue\[6\]\[28\],14.785µm
lsu.load_fifo.queue\[10\]\[28\],14.765µm
_1924_,14.76µm
lsu.load_fifo.queue\[13\]\[23\],14.76µm
lsu.store_fifo.queue\[11\]\[6\],14.76µm
lsu.store_fifo.queue\[3\]\[3\],14.76µm
net946,14.76µm
lsu.load_fifo.queue\[12\]\[10\],14.75µm
lsu.load_fifo.queue\[14\]\[0\],14.74µm
lsu.load_fifo.queue\[14\]\[27\],14.705µm
lsu.load_fifo.queue\[11\]\[23\],14.7µm
lsu.load_fifo.queue\[15\]\[12\],14.68µm
lsu.store_fifo.queue\[12\]\[5\],14.68µm
lsu.store_fifo.queue\[4\]\[3\],14.68µm
net44,14.68µm
lsu.load_fifo.queue\[10\]\[25\],14.675µm
lsu.load_fifo.queue\[11\]\[28\],14.66µm
lsu.load_fifo.queue\[14\]\[21\],14.65µm
acc.byte0\[1\],14.64µm
lsu.load_fifo.queue\[0\]\[9\],14.64µm
lsu.load_fifo.queue\[8\]\[2\],14.64µm
_1249_,14.62µm
lsu.load_fifo.queue\[11\]\[1\],14.62µm
net1278,14.62µm
_0346_,14.605µm
acc.byte1\[6\],14.6µm
lsu.load_fifo.queue\[15\]\[11\],14.6µm
lsu.load_fifo.queue\[7\]\[17\],14.6µm
lsu.load_fifo.queue\[9\]\[20\],14.6µm
net472,14.6µm
store_base_addr[1],14.59µm
_0841_,14.585µm
_1648_,14.58µm
net1055,14.58µm
net1119,14.58µm
net1162,14.56µm
lsu.load_fifo.queue\[0\]\[19\],14.54µm
lsu.load_fifo.queue\[13\]\[12\],14.54µm
lsu.load_fifo.queue\[2\]\[14\],14.53µm
lsu.load_fifo.queue\[3\]\[27\],14.53µm
_0463_,14.525µm
_1133_,14.52µm
lsu.store_fifo.queue\[13\]\[1\],14.52µm
lsu.load_fifo.queue\[13\]\[1\],14.5µm
lsu.store_fifo.queue\[11\]\[3\],14.5µm
net939,14.5µm
_1959_,14.48µm
_0458_,14.465µm
net40,14.46µm
net99,14.46µm
lsu.load_fifo.queue\[10\]\[19\],14.45µm
net9,14.43µm
_1889_,14.42µm
load_base_addr[2],14.42µm
lsu.load_fifo.queue\[15\]\[31\],14.42µm
net1314,14.42µm
lsu.store_fifo.queue\[6\]\[2\],14.385µm
store_addr[10],14.37µm
lsu.load_fifo.queue\[14\]\[6\],14.355µm
lsu.load_fifo.queue\[5\]\[6\],14.34µm
lsu.load_fifo.queue\[9\]\[0\],14.32µm
lsu.store_fifo.queue\[4\]\[7\],14.305µm
_1406_,14.3µm
lsu.load_fifo.queue\[12\]\[2\],14.3µm
lsu.store_fifo.queue\[9\]\[2\],14.3µm
net1107,14.3µm
lsu.load_fifo.queue\[12\]\[7\],14.26µm
lsu.load_fifo.queue\[13\]\[0\],14.26µm
lsu.load_fifo.queue\[15\]\[8\],14.26µm
lsu.load_fifo.queue\[7\]\[2\],14.26µm
lsu.store_fifo.queue\[15\]\[3\],14.26µm
lsu.store_fifo.queue\[5\]\[5\],14.26µm
_0473_,14.245µm
load_addr[21],14.24µm
net856,14.24µm
lsu.load_fifo.queue\[11\]\[12\],14.235µm
acc.byte1\[7\],14.22µm
lsu.load_fifo.queue\[12\]\[0\],14.22µm
lsu.load_fifo.queue\[5\]\[1\],14.22µm
lsu.store_fifo.queue\[1\]\[3\],14.22µm
load_addr[2],14.2µm
lsu.load_fifo.queue\[12\]\[20\],14.2µm
net633,14.2µm
net733,14.2µm
_0232_,14.195µm
_1702_,14.18µm
_1840_,14.18µm
lsu.load_fifo.queue\[3\]\[2\],14.18µm
lsu.load_fifo.queue\[9\]\[15\],14.18µm
net148,14.17µm
_1642_,14.16µm
lsu.load_fifo.queue\[8\]\[23\],14.16µm
lsu.store_fifo.queue\[0\]\[2\],14.16µm
net115,14.16µm
lsu.store_fifo.queue\[13\]\[0\],14.14µm
net1182,14.14µm
lsu.load_fifo.queue\[2\]\[29\],14.13µm
lsu.load_fifo.queue\[11\]\[27\],14.12µm
_1898_,14.1µm
lsu.load_fifo.queue\[11\]\[0\],14.1µm
_0723_,14.065µm
lsu.store_fifo.queue\[10\]\[5\],14.065µm
lsu.load_fifo.queue\[15\]\[6\],14.06µm
_1634_,14.04µm
lsu.load_fifo.queue\[9\]\[2\],14.04µm
lsu.load_fifo.queue\[10\]\[3\],14.03µm
_1195_,14.02µm
lsu.load_fifo.queue\[15\]\[10\],14.02µm
_0953_,14.005µm
lsu.load_fifo.queue\[11\]\[3\],14µm
lsu.load_fifo.queue\[1\]\[23\],14µm
lsu.load_fifo.queue\[7\]\[28\],14µm
lsu.load_fifo.queue\[14\]\[3\],13.965µm
lsu.load_fifo.queue\[2\]\[17\],13.965µm
lsu.load_fifo.queue\[0\]\[21\],13.96µm
_1709_,13.94µm
lsu.store_fifo.queue\[14\]\[9\],13.925µm
lsu.load_fifo.queue\[2\]\[26\],13.91µm
store_base_addr[21],13.91µm
lsu.load_fifo.queue\[10\]\[23\],13.885µm
_1149_,13.88µm
count[6],13.88µm
load_base_addr[18],13.88µm
lsu.store_fifo.queue\[0\]\[7\],13.88µm
net628,13.86µm
lsu.load_counter\[9\],13.84µm
_1197_,13.82µm
lsu.load_fifo.queue\[5\]\[27\],13.82µm
lsu.load_fifo.queue\[7\]\[19\],13.82µm
net124,13.82µm
lsu.load_fifo.queue\[14\]\[14\],13.805µm
lsu.store_fifo.queue\[6\]\[7\],13.805µm
_1083_,13.8µm
_1085_,13.8µm
_1841_,13.8µm
acc.byte1\[5\],13.8µm
lsu.load_fifo.queue\[7\]\[29\],13.8µm
lsu.store_fifo.queue\[0\]\[6\],13.8µm
lsu.store_fifo.queue\[3\]\[5\],13.8µm
_0237_,13.785µm
_0694_,13.785µm
_1439_,13.78µm
net87,13.78µm
net958,13.78µm
lsu.load_fifo.queue\[12\]\[24\],13.76µm
_1384_,13.74µm
lsu.store_fifo.queue\[14\]\[4\],13.725µm
_1746_,13.72µm
lsu.load_fifo.queue\[11\]\[16\],13.72µm
lsu.store_fifo.queue\[2\]\[0\],13.705µm
_0329_,13.685µm
_1933_,13.68µm
lsu.load_fifo.queue\[12\]\[6\],13.68µm
lsu.load_fifo.queue\[13\]\[6\],13.68µm
lsu.load_fifo.queue\[13\]\[9\],13.68µm
lsu.load_fifo.queue\[3\]\[20\],13.68µm
lsu.load_fifo.queue\[8\]\[21\],13.68µm
lsu.store_fifo.queue\[1\]\[2\],13.68µm
load_addr[20],13.66µm
_0061_,13.65µm
lsu.load_fifo.queue\[0\]\[24\],13.64µm
lsu.load_fifo.queue\[15\]\[29\],13.64µm
_1150_,13.625µm
lsu.store_fifo.queue\[9\]\[3\],13.62µm
_1796_,13.6µm
lsu.load_fifo.queue\[13\]\[8\],13.6µm
lsu.load_fifo.queue\[1\]\[2\],13.58µm
net113,13.58µm
_1243_,13.54µm
_1654_,13.54µm
lsu.load_fifo.queue\[12\]\[26\],13.54µm
_2051_,13.52µm
_1533_,13.5µm
net117,13.5µm
net944,13.5µm
_1075_,13.495µm
lsu.load_fifo.queue\[14\]\[18\],13.49µm
lsu.load_fifo.queue\[6\]\[0\],13.49µm
_1385_,13.48µm
_1579_,13.48µm
_2003_,13.48µm
lsu.load_fifo.queue\[10\]\[27\],13.465µm
lsu.store_fifo.queue\[2\]\[8\],13.465µm
_0792_,13.46µm
_1713_,13.46µm
lsu.store_fifo.queue\[8\]\[8\],13.46µm
lsu.load_fifo.queue\[3\]\[17\],13.44µm
lsu.store_fifo.queue\[3\]\[6\],13.42µm
net1048,13.42µm
lsu.store_fifo.queue\[6\]\[8\],13.41µm
_1333_,13.4µm
net1217,13.4µm
_1321_,13.38µm
_0697_,13.365µm
store_complete,13.35µm
lsu.load_fifo.queue\[6\]\[18\],13.345µm
lsu.load_fifo.queue\[12\]\[27\],13.34µm
lsu.load_fifo.queue\[15\]\[20\],13.34µm
lsu.load_fifo.queue\[3\]\[31\],13.34µm
lsu.load_fifo.queue\[9\]\[4\],13.34µm
lsu.store_fifo.queue\[4\]\[4\],13.34µm
lsu.load_fifo.queue\[2\]\[16\],13.325µm
net34,13.3µm
_1414_,13.28µm
net1207,13.28µm
net147,13.26µm
_1769_,13.24µm
_1884_,13.225µm
_1131_,13.22µm
_1593_,13.22µm
lsu.load_fifo.queue\[4\]\[28\],13.22µm
lsu.load_fifo.queue\[6\]\[20\],13.22µm
lsu.store_fifo.queue\[14\]\[7\],13.21µm
_0218_,13.205µm
load_addr[15],13.2µm
_1734_,13.18µm
_1763_,13.18µm
lsu.load_fifo.queue\[15\]\[5\],13.18µm
_1103_,13.16µm
net1013,13.16µm
_0952_,13.145µm
_0591_,13.125µm
_1151_,13.12µm
lsu.load_fifo.queue\[12\]\[4\],13.12µm
lsu.store_fifo.queue\[9\]\[1\],13.12µm
lsu.store_fifo.queue\[14\]\[8\],13.11µm
_1458_,13.08µm
lsu.load_fifo.queue\[10\]\[21\],13.045µm
lsu.load_fifo.queue\[14\]\[5\],13.045µm
_1872_,13.04µm
_1122_,13.02µm
_1809_,13.02µm
lsu.load_fifo.queue\[14\]\[23\],13.005µm
lsu.store_fifo.queue\[10\]\[3\],13.005µm
_1138_,13µm
_1610_,13µm
_1822_,13µm
lsu.load_fifo.queue\[7\]\[3\],13µm
lsu.store_fifo.queue\[12\]\[3\],13µm
lsu.store_fifo.r_ptr\[2\],13µm
_0282_,12.985µm
_1060_,12.985µm
_1661_,12.98µm
_1730_,12.98µm
net72,12.98µm
net1138,12.98µm
_0837_,12.965µm
net977,12.96µm
net1161,12.96µm
_1735_,12.94µm
_1232_,12.92µm
_1510_,12.92µm
_1765_,12.92µm
lsu.load_fifo.queue\[4\]\[15\],12.92µm
lsu.load_fifo.queue\[7\]\[13\],12.92µm
lsu.load_fifo.queue\[8\]\[3\],12.92µm
lsu.store_fifo.queue\[13\]\[7\],12.92µm
_1867_,12.9µm
lsu.load_fifo.queue\[0\]\[22\],12.9µm
_0925_,12.88µm
_1590_,12.88µm
lsu.load_fifo.queue\[13\]\[27\],12.88µm
lsu.load_fifo.queue\[1\]\[15\],12.88µm
lsu.load_fifo.queue\[4\]\[20\],12.88µm
lsu.store_fifo.queue\[5\]\[9\],12.88µm
_0245_,12.865µm
lsu.load_fifo.queue\[8\]\[17\],12.86µm
net1026,12.86µm
lsu.load_fifo.queue\[3\]\[1\],12.84µm
_0518_,12.825µm
net645,12.82µm
lsu.load_fifo.queue\[15\]\[15\],12.8µm
lsu.load_fifo.queue\[4\]\[22\],12.8µm
lsu.load_fifo.queue\[7\]\[20\],12.8µm
_0180_,12.775µm
_1892_,12.775µm
_1410_,12.76µm
_1487_,12.76µm
_1993_,12.76µm
lsu.store_fifo.queue\[8\]\[6\],12.76µm
net122,12.76µm
net910,12.76µm
_0401_,12.745µm
_0438_,12.745µm
_0525_,12.745µm
_0879_,12.74µm
_1379_,12.74µm
net1187,12.74µm
_1223_,12.705µm
_1920_,12.7µm
net1049,12.7µm
lsu.store_fifo.queue\[10\]\[0\],12.685µm
lsu.load_fifo.queue\[5\]\[0\],12.68µm
_1630_,12.66µm
lsu.store_fifo.queue\[9\]\[6\],12.66µm
net116,12.66µm
lsu.load_fifo.queue\[10\]\[20\],12.65µm
_0578_,12.645µm
net1213,12.64µm
_0192_,12.605µm
_1474_,12.58µm
lsu.load_fifo.queue\[11\]\[24\],12.58µm
_1912_,12.56µm
lsu.load_fifo.queue\[10\]\[13\],12.545µm
lsu.load_fifo.queue\[2\]\[15\],12.545µm
_1994_,12.54µm
lsu.load_fifo.queue\[4\]\[5\],12.54µm
net1098,12.54µm
lsu.store_fifo.queue\[6\]\[6\],12.53µm
store_base_addr[10],12.53µm
_0696_,12.525µm
_1471_,12.52µm
net673,12.52µm
load_base_addr[10],12.5µm
lsu.load_fifo.queue\[13\]\[7\],12.5µm
lsu.load_fifo.queue\[1\]\[6\],12.5µm
net31,12.5µm
lsu.load_fifo.queue\[3\]\[9\],12.48µm
lsu.load_fifo.queue\[0\]\[16\],12.46µm
lsu.load_fifo.queue\[12\]\[16\],12.46µm
lsu.load_fifo.queue\[5\]\[18\],12.46µm
lsu.load_fifo.queue\[8\]\[8\],12.46µm
lsu.store_fifo.queue\[4\]\[8\],12.46µm
_1041_,12.425µm
_1977_,12.42µm
lsu.load_fifo.queue\[13\]\[21\],12.42µm
lsu.load_fifo.queue\[1\]\[22\],12.42µm
lsu.load_fifo.queue\[1\]\[26\],12.42µm
lsu.load_fifo.queue\[3\]\[8\],12.42µm
lsu.load_fifo.queue\[5\]\[30\],12.42µm
_0582_,12.405µm
_0246_,12.4µm
_1489_,12.4µm
load_addr[9],12.4µm
net564,12.4µm
net1154,12.4µm
net1156,12.4µm
_0143_,12.38µm
_1183_,12.36µm
_1732_,12.36µm
net1215,12.36µm
lsu.load_fifo.queue\[1\]\[0\],12.34µm
lsu.load_fifo.queue\[1\]\[12\],12.34µm
lsu.load_fifo.queue\[7\]\[31\],12.34µm
lsu.store_fifo.queue\[15\]\[0\],12.34µm
lsu.store_fifo.queue\[3\]\[0\],12.34µm
_0592_,12.335µm
store_addr[16],12.33µm
lsu.store_fifo.queue\[8\]\[0\],12.32µm
store_addr[12],12.31µm
_1405_,12.3µm
_1567_,12.3µm
_1749_,12.3µm
_1895_,12.3µm
_1983_,12.3µm
lsu.store_fifo.queue\[12\]\[8\],12.3µm
_0275_,12.285µm
net85,12.28µm
net138,12.28µm
_0605_,12.265µm
_1400_,12.26µm
_1786_,12.26µm
_1918_,12.26µm
_1449_,12.24µm
lsu.load_fifo.queue\[8\]\[25\],12.24µm
_0072_,12.23µm
_1575_,12.22µm
_1623_,12.22µm
net807,12.22µm
_0322_,12.205µm
_0456_,12.205µm
_0699_,12.205µm
_1431_,12.2µm
_1451_,12.2µm
lsu.load_fifo.queue\[5\]\[15\],12.2µm
lsu.load_fifo.queue\[7\]\[4\],12.2µm
lsu.load_fifo.queue\[10\]\[10\],12.19µm
lsu.load_fifo.queue\[2\]\[5\],12.19µm
lsu.store_fifo.queue\[14\]\[6\],12.19µm
acc.byte2\[5\],12.18µm
lsu.load_fifo.queue\[14\]\[22\],12.18µm
store_data[2],12.17µm
_1836_,12.16µm
lsu.store_fifo.queue\[15\]\[1\],12.16µm
_1286_,12.14µm
lsu.load_fifo.queue\[4\]\[7\],12.14µm
lsu.load_fifo.queue\[9\]\[27\],12.14µm
_0946_,12.135µm
_0583_,12.125µm
_0671_,12.125µm
lsu.load_fifo.queue\[2\]\[11\],12.11µm
lsu.load_fifo.queue\[8\]\[7\],12.1µm
_0224_,12.085µm
_0986_,12.085µm
_1090_,12.085µm
lsu.load_fifo.queue\[6\]\[24\],12.085µm
lsu.store_fifo.queue\[10\]\[4\],12.085µm
lsu.store_fifo.queue\[2\]\[3\],12.085µm
_1322_,12.08µm
_1571_,12.08µm
net506,12.06µm
_0535_,12.055µm
_0128_,12.05µm
count[0],12.04µm
load_base_addr[4],12.04µm
net809,12.04µm
_1323_,12.02µm
net96,12.02µm
lsu.load_fifo.queue\[0\]\[6\],12µm
lsu.load_fifo.queue\[11\]\[22\],12µm
lsu.load_fifo.queue\[1\]\[31\],12µm
net152,12µm
_0325_,11.985µm
_0455_,11.985µm
_0609_,11.985µm
_1220_,11.985µm
_1947_,11.98µm
lsu.store_fifo.queue\[6\]\[1\],11.965µm
_1784_,11.96µm
lsu.load_fifo.queue\[0\]\[30\],11.96µm
lsu.load_fifo.queue\[13\]\[29\],11.96µm
lsu.load_fifo.queue\[1\]\[13\],11.96µm
lsu.load_fifo.queue\[8\]\[6\],11.96µm
lsu.store_fifo.queue\[13\]\[3\],11.96µm
lsu.store_fifo.queue\[13\]\[9\],11.96µm
lsu.store_fifo.queue\[7\]\[5\],11.96µm
net123,11.96µm
_1943_,11.94µm
load_addr[17],11.94µm
_0122_,11.93µm
_1910_,11.92µm
lsu.load_fifo.queue\[5\]\[13\],11.92µm
lsu.load_fifo.queue\[12\]\[1\],11.9µm
lsu.store_fifo.queue\[10\]\[2\],11.885µm
_1693_,11.88µm
lsu.store_fifo.queue\[10\]\[1\],11.88µm
_0931_,11.865µm
lsu.load_fifo.queue\[6\]\[19\],11.865µm
_0644_,11.855µm
_1762_,11.84µm
lsu.load_fifo.queue\[4\]\[2\],11.84µm
lsu.load_fifo.queue\[15\]\[30\],11.83µm
_0253_,11.825µm
_1257_,11.82µm
lsu.load_fifo.queue\[2\]\[0\],11.805µm
lsu.load_fifo.queue\[6\]\[6\],11.805µm
_1485_,11.78µm
lsu.load_fifo.queue\[14\]\[8\],11.77µm
store_addr[14],11.75µm
_0233_,11.745µm
_0123_,11.74µm
lsu.load_fifo.queue\[9\]\[3\],11.74µm
net107,11.74µm
_0506_,11.715µm
store_data[8],11.71µm
_0273_,11.705µm
lsu.load_fifo.queue\[15\]\[16\],11.7µm
net873,11.7µm
_1219_,11.68µm
_0235_,11.665µm
_1092_,11.665µm
lsu.store_fifo.queue\[6\]\[9\],11.665µm
_1330_,11.66µm
net144,11.66µm
_1123_,11.64µm
_1611_,11.64µm
lsu.load_fifo.queue\[7\]\[25\],11.64µm
_0221_,11.625µm
_0528_,11.625µm
_1148_,11.62µm
_1596_,11.62µm
lsu.store_fifo.w_ptr\[1\],11.62µm
net839,11.62µm
_0394_,11.585µm
count[16],11.58µm
load_base_addr[1],11.58µm
load_data[8],11.58µm
net1005,11.58µm
_1124_,11.56µm
lsu.load_fifo.queue\[11\]\[2\],11.56µm
net90,11.56µm
lsu.load_fifo.queue\[0\]\[8\],11.54µm
lsu.load_fifo.queue\[11\]\[25\],11.54µm
lsu.store_fifo.queue\[11\]\[0\],11.54µm
lsu.store_fifo.queue\[15\]\[4\],11.54µm
lsu.store_fifo.queue\[7\]\[3\],11.54µm
_1374_,11.5µm
_1704_,11.5µm
lsu.load_fifo.queue\[8\]\[5\],11.5µm
net1104,11.5µm
load_addr[13],11.48µm
lsu.load_fifo.queue\[11\]\[11\],11.47µm
_0733_,11.46µm
_1277_,11.46µm
lsu.load_fifo.queue\[8\]\[10\],11.46µm
net655,11.44µm
net781,11.44µm
net991,11.44µm
_1580_,11.43µm
lsu.load_fifo.queue\[0\]\[20\],11.42µm
lsu.load_fifo.queue\[15\]\[13\],11.42µm
lsu.store_fifo.queue\[13\]\[6\],11.42µm
lsu.load_fifo.queue\[9\]\[24\],11.38µm
lsu.store_fifo.queue\[10\]\[8\],11.365µm
_0822_,11.36µm
_1367_,11.36µm
_1850_,11.36µm
lsu.store_fifo.r_ptr\[3\],11.36µm
net729,11.36µm
_1187_,11.32µm
_1437_,11.32µm
_1649_,11.32µm
lsu.load_fifo.queue\[12\]\[17\],11.3µm
_1146_,11.295µm
_1044_,11.285µm
_1001_,11.28µm
_1157_,11.28µm
_1490_,11.28µm
lsu.load_fifo.queue\[4\]\[19\],11.28µm
lsu.store_fifo.queue\[2\]\[4\],11.27µm
lsu.store_fifo.queue\[2\]\[9\],11.265µm
_1868_,11.26µm
_0453_,11.245µm
_1334_,11.24µm
lsu.store_fifo.queue\[8\]\[5\],11.24µm
net642,11.24µm
net817,11.24µm
net1058,11.24µm
lsu.load_fifo.queue\[0\]\[18\],11.22µm
_0177_,11.205µm
_0258_,11.205µm
_0270_,11.205µm
_0523_,11.205µm
_0630_,11.205µm
lsu.load_fifo.queue\[6\]\[30\],11.205µm
_1690_,11.2µm
_1707_,11.2µm
store_base_addr[18],11.19µm
lsu.load_fifo.queue\[2\]\[6\],11.185µm
_0316_,11.165µm
_0595_,11.165µm
lsu.load_fifo.queue\[10\]\[16\],11.165µm
lsu.load_fifo.queue\[10\]\[8\],11.165µm
_1509_,11.16µm
lsu.load_fifo.queue\[7\]\[23\],11.16µm
_0236_,11.14µm
_1506_,11.12µm
load_base_addr[13],11.12µm
load_base_addr[19],11.12µm
load_base_addr[9],11.12µm
load_data[16],11.12µm
lsu.load_fifo.queue\[4\]\[10\],11.12µm
store_base_addr[0],11.12µm
net548,11.12µm
net1001,11.12µm
_1780_,11.1µm
_1046_,11.085µm
_1758_,11.08µm
lsu.load_fifo.queue\[0\]\[4\],11.08µm
lsu.load_fifo.queue\[11\]\[13\],11.08µm
lsu.load_fifo.queue\[13\]\[2\],11.08µm
lsu.load_fifo.queue\[1\]\[14\],11.08µm
lsu.load_fifo.queue\[3\]\[11\],11.08µm
lsu.load_fifo.queue\[5\]\[14\],11.08µm
net527,11.08µm
_0310_,11.065µm
_1099_,11.04µm
lsu.load_fifo.queue\[13\]\[5\],11.04µm
lsu.load_fifo.queue\[3\]\[13\],11.04µm
lsu.load_fifo.queue\[9\]\[7\],11.04µm
lsu.store_fifo.queue\[4\]\[1\],11.04µm
_0276_,11.02µm
_1791_,11.02µm
load_addr[11],11.02µm
net631,11.02µm
_0668_,11.005µm
lsu.load_fifo.queue\[10\]\[14\],11.005µm
net785,11µm
_0250_,10.985µm
lsu.load_fifo.queue\[10\]\[17\],10.98µm
net975,10.98µm
net1193,10.98µm
lsu.load_fifo.queue\[1\]\[18\],10.96µm
lsu.load_fifo.queue\[3\]\[26\],10.96µm
lsu.load_fifo.queue\[9\]\[22\],10.96µm
lsu.load_fifo.queue\[9\]\[5\],10.96µm
lsu.store_fifo.queue\[15\]\[2\],10.955µm
lsu.load_fifo.queue\[2\]\[7\],10.95µm
_0290_,10.945µm
_0436_,10.945µm
_0568_,10.945µm
_0690_,10.945µm
_0704_,10.945µm
_1048_,10.945µm
_1540_,10.93µm
_0287_,10.925µm
lsu.load_fifo.queue\[5\]\[23\],10.92µm
lsu.load_fifo.queue\[5\]\[28\],10.92µm
lsu.store_fifo.queue\[15\]\[7\],10.92µm
lsu.store_fifo.queue\[1\]\[5\],10.92µm
_0418_,10.915µm
_1742_,10.9µm
_0983_,10.875µm
_0380_,10.865µm
_1203_,10.86µm
_1307_,10.86µm
_1412_,10.86µm
_1628_,10.86µm
lsu.load_fifo.queue\[0\]\[31\],10.86µm
lsu.load_fifo.queue\[8\]\[16\],10.86µm
store_base_addr[20],10.85µm
_1613_,10.84µm
_1905_,10.84µm
lsu.load_fifo.queue\[7\]\[30\],10.84µm
_0129_,10.83µm
_0345_,10.825µm
_1137_,10.82µm
_1264_,10.82µm
_1556_,10.82µm
lsu.store_fifo.queue\[8\]\[3\],10.82µm
net151,10.82µm
net532,10.82µm
lsu.load_fifo.queue\[5\]\[17\],10.8µm
net1003,10.8µm
_0183_,10.785µm
lsu.load_fifo.queue\[2\]\[10\],10.785µm
_1327_,10.78µm
_1955_,10.78µm
net141,10.78µm
net858,10.78µm
net1168,10.78µm
_1234_,10.76µm
_1845_,10.76µm
lsu.store_fifo.queue\[11\]\[5\],10.76µm
lsu.store_fifo.queue\[7\]\[6\],10.76µm
_0205_,10.745µm
_0585_,10.745µm
_1238_,10.74µm
lsu.store_fifo.queue\[12\]\[6\],10.74µm
net1219,10.74µm
_1098_,10.72µm
_1128_,10.715µm
_1802_,10.71µm
_0655_,10.705µm
_0978_,10.705µm
net1143,10.7µm
_0071_,10.66µm
_0747_,10.66µm
count[10],10.66µm
count[17],10.66µm
load_base_addr[12],10.66µm
load_base_addr[15],10.66µm
load_base_addr[20],10.66µm
load_base_addr[3],10.66µm
load_base_addr[5],10.66µm
load_base_addr[8],10.66µm
load_complete,10.66µm
load_data[0],10.66µm
load_data[24],10.66µm
load_data[29],10.66µm
lsu.load_fifo.queue\[3\]\[19\],10.66µm
net546,10.66µm
net1269,10.66µm
net61,10.64µm
_0751_,10.62µm
lsu.load_fifo.queue\[13\]\[19\],10.62µm
lsu.load_fifo.queue\[13\]\[20\],10.62µm
lsu.load_fifo.queue\[8\]\[29\],10.62µm
net804,10.62µm
lsu.store_fifo.queue\[14\]\[1\],10.615µm
_0961_,10.605µm
_0616_,10.585µm
_0997_,10.58µm
_1101_,10.58µm
lsu.load_fifo.queue\[12\]\[19\],10.58µm
lsu.load_fifo.queue\[1\]\[7\],10.58µm
lsu.load_fifo.queue\[9\]\[19\],10.58µm
lsu.load_fifo.queue\[9\]\[29\],10.58µm
lsu.load_fifo.queue\[15\]\[22\],10.57µm
store_data[9],10.57µm
_0382_,10.565µm
_0462_,10.565µm
_0464_,10.565µm
_0893_,10.56µm
_1708_,10.56µm
_1963_,10.56µm
load_addr[14],10.56µm
load_addr[8],10.56µm
net619,10.56µm
net914,10.56µm
_0586_,10.555µm
_0103_,10.55µm
net145,10.54µm
_0530_,10.535µm
_0178_,10.525µm
_0296_,10.525µm
lsu.load_fifo.queue\[1\]\[25\],10.52µm
_1072_,10.505µm
_1209_,10.5µm
_1604_,10.5µm
lsu.load_fifo.queue\[13\]\[13\],10.5µm
net967,10.5µm
_0593_,10.485µm
_0279_,10.445µm
_0641_,10.445µm
_1401_,10.42µm
_0446_,10.415µm
lsu.load_fifo.queue\[2\]\[28\],10.41µm
_0298_,10.405µm
_0788_,10.4µm
_1660_,10.4µm
lsu.load_fifo.queue\[0\]\[5\],10.4µm
lsu.store_fifo.queue\[12\]\[2\],10.4µm
lsu.store_fifo.queue\[13\]\[4\],10.4µm
net1251,10.4µm
lsu.load_fifo.queue\[2\]\[25\],10.39µm
lsu.load_fifo.queue\[9\]\[25\],10.38µm
lsu.store_fifo.queue\[7\]\[8\],10.38µm
_1991_,10.36µm
lsu.load_fifo.queue\[0\]\[12\],10.36µm
lsu.load_fifo.queue\[11\]\[6\],10.36µm
lsu.store_fifo.queue\[15\]\[5\],10.36µm
net121,10.36µm
_0019_,10.32µm
_1890_,10.32µm
lsu.load_fifo.queue\[12\]\[3\],10.32µm
net149,10.32µm
net1128,10.32µm
net1179,10.32µm
_0196_,10.305µm
_1211_,10.3µm
store_addr[11],10.29µm
store_addr[17],10.29µm
store_addr[7],10.29µm
_0984_,10.285µm
_1095_,10.285µm
_1801_,10.28µm
_1985_,10.28µm
_1159_,10.26µm
lsu.load_fifo.queue\[3\]\[24\],10.26µm
lsu.load_fifo.queue\[4\]\[6\],10.26µm
_1019_,10.24µm
lsu.load_fifo.queue\[1\]\[24\],10.24µm
net735,10.22µm
net926,10.22µm
_1893_,10.2µm
count[12],10.2µm
count[9],10.2µm
load_data[21],10.2µm
lsu.load_fifo.queue\[0\]\[0\],10.2µm
lsu.load_fifo.queue\[8\]\[18\],10.2µm
lsu.store_fifo.queue\[11\]\[7\],10.2µm
lsu.store_fifo.queue\[3\]\[2\],10.2µm
start,10.2µm
net26,10.2µm
net127,10.2µm
net929,10.2µm
net1085,10.2µm
net1127,10.2µm
_1443_,10.18µm
net1270,10.18µm
_0973_,10.165µm
lsu.load_fifo.queue\[7\]\[0\],10.16µm
lsu.load_fifo.queue\[9\]\[30\],10.16µm
net505,10.16µm
_0824_,10.145µm
net590,10.14µm
net940,10.14µm
net1102,10.14µm
_1266_,10.105µm
_1096_,10.1µm
_1290_,10.1µm
net94,10.1µm
net962,10.1µm
net1108,10.1µm
net1174,10.1µm
_1326_,10.085µm
lsu.store_fifo.queue\[12\]\[7\],10.08µm
net1267,10.08µm
_0579_,10.065µm
_0945_,10.065µm
_1358_,10.04µm
_1806_,10.04µm
_0407_,10.025µm
net756,10.02µm
net860,10.02µm
_1364_,10µm
_0135_,9.98µm
_1332_,9.98µm
_1371_,9.98µm
_0198_,9.94µm
_1799_,9.94µm
lsu.load_fifo.queue\[5\]\[11\],9.94µm
lsu.load_fifo.queue\[8\]\[20\],9.94µm
lsu.load_fifo.queue\[6\]\[22\],9.93µm
_0469_,9.92µm
_0880_,9.92µm
lsu.load_fifo.queue\[1\]\[11\],9.92µm
lsu.store_fifo.queue\[9\]\[8\],9.92µm
lsu.store_fifo.queue\[14\]\[3\],9.905µm
_1599_,9.9µm
lsu.load_fifo.queue\[3\]\[14\],9.9µm
lsu.load_fifo.queue\[4\]\[11\],9.9µm
lsu.store_fifo.queue\[1\]\[4\],9.9µm
lsu.store_fifo.queue\[3\]\[8\],9.9µm
lsu.store_fifo.queue\[9\]\[9\],9.9µm
net75,9.9µm
_0172_,9.89µm
_1004_,9.88µm
_1304_,9.86µm
_1937_,9.86µm
net1205,9.86µm
_1897_,9.84µm
_0332_,9.825µm
_0452_,9.825µm
_0700_,9.825µm
_0037_,9.82µm
_1433_,9.82µm
_1703_,9.82µm
_1886_,9.82µm
lsu.load_fifo.queue\[9\]\[10\],9.82µm
_1588_,9.8µm
_1797_,9.8µm
lsu.load_fifo.queue\[10\]\[0\],9.785µm
_1945_,9.78µm
net659,9.78µm
net841,9.78µm
net1184,9.76µm
_1283_,9.75µm
_0759_,9.745µm
count[13],9.74µm
count[14],9.74µm
count[15],9.74µm
count[2],9.74µm
load_base_addr[0],9.74µm
load_base_addr[16],9.74µm
load_base_addr[6],9.74µm
load_base_addr[7],9.74µm
lsu.load_fifo.queue\[0\]\[14\],9.74µm
lsu.load_fifo.queue\[13\]\[17\],9.74µm
_1755_,9.72µm
_1883_,9.72µm
net1304,9.72µm
_0321_,9.705µm
_0348_,9.705µm
_0387_,9.705µm
_0600_,9.705µm
_0962_,9.705µm
lsu.load_fifo.queue\[14\]\[11\],9.705µm
_1417_,9.7µm
lsu.load_fifo.queue\[1\]\[20\],9.7µm
lsu.load_fifo.queue\[4\]\[3\],9.7µm
lsu.store_fifo.queue\[0\]\[5\],9.7µm
_0642_,9.685µm
_1386_,9.68µm
net951,9.68µm
net1109,9.68µm
_1876_,9.66µm
_2009_,9.66µm
lsu.load_fifo.queue\[0\]\[29\],9.66µm
lsu.load_fifo.queue\[3\]\[23\],9.66µm
lsu.store_fifo.queue\[5\]\[6\],9.66µm
net557,9.66µm
net837,9.66µm
load_addr[16],9.64µm
load_addr[18],9.64µm
load_addr[3],9.64µm
load_addr[4],9.64µm
load_data[1],9.64µm
load_data[23],9.64µm
load_data[25],9.64µm
load_data[27],9.64µm
load_data[31],9.64µm
load_data[9],9.64µm
net850,9.64µm
net1180,9.64µm
_1088_,9.635µm
_1314_,9.63µm
_1800_,9.62µm
_1992_,9.62µm
lsu.load_fifo.queue\[5\]\[21\],9.62µm
net688,9.62µm
store_addr[0],9.61µm
_0374_,9.605µm
_0502_,9.605µm
_0820_,9.605µm
_0940_,9.605µm
_0964_,9.605µm
_0980_,9.605µm
_0067_,9.6µm
_0046_,9.59µm
_1767_,9.58µm
_0869_,9.565µm
_1899_,9.565µm
net820,9.56µm
net865,9.56µm
_0836_,9.54µm
_0951_,9.525µm
_1860_,9.52µm
_1602_,9.5µm
_1627_,9.5µm
_1520_,9.48µm
_1615_,9.48µm
_1643_,9.48µm
_1685_,9.48µm
lsu.load_fifo.queue\[7\]\[27\],9.48µm
lsu.load_fifo.queue\[9\]\[6\],9.48µm
lsu.store_fifo.queue\[1\]\[0\],9.48µm
net105,9.48µm
_0328_,9.475µm
lsu.load_fifo.queue\[10\]\[30\],9.47µm
_0613_,9.445µm
_1156_,9.44µm
_1288_,9.44µm
_1694_,9.44µm
lsu.store_fifo.queue\[5\]\[3\],9.44µm
net109,9.44µm
net125,9.44µm
net1272,9.44µm
lsu.load_fifo.queue\[6\]\[7\],9.43µm
_0610_,9.405µm
net898,9.405µm
_1120_,9.4µm
count[18],9.4µm
net1312,9.4µm
_0350_,9.365µm
_0389_,9.365µm
_0396_,9.365µm
_0538_,9.365µm
_0963_,9.365µm
lsu.load_fifo.queue\[6\]\[14\],9.365µm
_1827_,9.36µm
lsu.load_fifo.queue\[9\]\[11\],9.36µm
net1268,9.36µm
_1965_,9.34µm
lsu.load_fifo.queue\[11\]\[7\],9.34µm
net1,9.34µm
store_base_addr[13],9.33µm
_1782_,9.32µm
_1878_,9.32µm
net134,9.32µm
_0317_,9.3µm
_0247_,9.295µm
_0257_,9.285µm
_0495_,9.285µm
_1646_,9.28µm
_0283_,9.26µm
_0352_,9.26µm
_1397_,9.26µm
_1552_,9.26µm
_0406_,9.245µm
_0445_,9.24µm
acc.byte2\[4\],9.24µm
lsu.load_fifo.queue\[4\]\[24\],9.24µm
lsu.load_fifo.queue\[8\]\[0\],9.24µm
_0360_,9.22µm
net571,9.22µm
net595,9.22µm
net1093,9.22µm
net1190,9.22µm
_1080_,9.2µm
_1390_,9.2µm
net956,9.2µm
_0240_,9.185µm
_0264_,9.185µm
_0519_,9.185µm
_0542_,9.185µm
load_addr[0],9.18µm
load_addr[10],9.18µm
load_addr[12],9.18µm
load_addr[19],9.18µm
load_addr[6],9.18µm
load_addr[7],9.18µm
load_data[17],9.18µm
load_req,9.18µm
_0719_,9.175µm
_1903_,9.16µm
_1935_,9.16µm
lsu.load_fifo.queue\[12\]\[8\],9.16µm
net1277,9.16µm
_0199_,9.145µm
net1297,9.14µm
_0333_,9.125µm
_1813_,9.12µm
_1790_,9.1µm
_0184_,9.085µm
_1970_,9.08µm
net1125,9.08µm
_0001_,9.06µm
_1500_,9.06µm
lsu.load_fifo.queue\[2\]\[3\],9.05µm
_0832_,9.04µm
lsu.load_fifo.queue\[5\]\[22\],9.04µm
_0886_,9.02µm
_1136_,9.02µm
_1974_,9.02µm
acc.byte1\[3\],9.02µm
lsu.load_fifo.queue\[0\]\[27\],9.02µm
net1248,9.02µm
_0186_,9.005µm
_1531_,9µm
_1403_,8.98µm
_1882_,8.98µm
_1917_,8.98µm
acc.done,8.98µm
lsu.load_fifo.queue\[0\]\[26\],8.98µm
lsu.load_fifo.queue\[8\]\[4\],8.98µm
lsu.store_fifo.queue\[13\]\[2\],8.98µm
net1281,8.98µm
_0181_,8.955µm
_0266_,8.945µm
net780,8.94µm
store_addr[1],8.93µm
_0203_,8.905µm
_0306_,8.905µm
_0330_,8.905µm
_1200_,8.9µm
net982,8.9µm
net1303,8.9µm
_0064_,8.89µm
_1064_,8.88µm
_1478_,8.86µm
net544,8.86µm
net1062,8.86µm
_0985_,8.855µm
_0033_,8.85µm
_0238_,8.845µm
_1550_,8.83µm
_0614_,8.825µm
_0739_,8.82µm
lsu.load_fifo.queue\[0\]\[17\],8.82µm
lsu.store_fifo.queue\[8\]\[1\],8.82µm
_0251_,8.815µm
lsu.store_fifo.queue\[4\]\[0\],8.8µm
net64,8.8µm
net826,8.8µm
_0355_,8.785µm
_0604_,8.785µm
_1113_,8.78µm
lsu.load_fifo.queue\[13\]\[11\],8.78µm
lsu.load_fifo.queue\[5\]\[24\],8.78µm
lsu.load_fifo.queue\[9\]\[1\],8.78µm
lsu.store_fifo.queue\[11\]\[1\],8.78µm
lsu.store_fifo.queue\[3\]\[4\],8.78µm
_0347_,8.76µm
_0470_,8.76µm
_1309_,8.76µm
_1656_,8.76µm
_1848_,8.76µm
net859,8.76µm
net1010,8.76µm
_0602_,8.745µm
lsu.load_fifo.queue\[3\]\[21\],8.74µm
lsu.store_fifo.queue\[1\]\[9\],8.74µm
lsu.store_fifo.queue\[4\]\[5\],8.74µm
_0645_,8.725µm
_1241_,8.72µm
load_addr[5],8.72µm
load_data[11],8.72µm
load_data[20],8.72µm
load_data[22],8.72µm
net450,8.72µm
net451,8.72µm
net452,8.72µm
net454,8.72µm
net458,8.72µm
net459,8.72µm
net467,8.72µm
net526,8.72µm
net1050,8.72µm
net1140,8.72µm
_0357_,8.685µm
_0722_,8.685µm
_0838_,8.685µm
_0974_,8.685µm
_0807_,8.68µm
_2001_,8.68µm
net806,8.68µm
_0153_,8.67µm
_0195_,8.665µm
_0509_,8.665µm
_0565_,8.665µm
_0979_,8.665µm
_1368_,8.66µm
lsu.load_fifo.queue\[8\]\[28\],8.66µm
net1037,8.66µm
_0175_,8.65µm
_1077_,8.64µm
_0919_,8.62µm
_0105_,8.6µm
_0413_,8.585µm
_0441_,8.585µm
_1045_,8.585µm
_0078_,8.57µm
_0110_,8.57µm
_0292_,8.565µm
_0459_,8.565µm
lsu.load_fifo.queue\[4\]\[9\],8.56µm
net56,8.56µm
net65,8.56µm
net104,8.56µm
net112,8.56µm
_0018_,8.55µm
_1636_,8.54µm
_1027_,8.52µm
_1302_,8.52µm
net66,8.52µm
net1311,8.52µm
_0114_,8.5µm
_0587_,8.5µm
_2006_,8.5µm
_0397_,8.485µm
_0581_,8.485µm
_0718_,8.485µm
_0936_,8.485µm
_0942_,8.485µm
_1057_,8.485µm
_1061_,8.485µm
_1698_,8.48µm
_1781_,8.48µm
_1870_,8.48µm
net994,8.48µm
_0039_,8.47µm
_1655_,8.46µm
lsu.acc_state\[0\],8.46µm
net1073,8.46µm
_0365_,8.445µm
_0460_,8.445µm
_1715_,8.44µm
net834,8.44µm
net948,8.44µm
_0126_,8.43µm
_2007_,8.4µm
lsu.load_fifo.r_ptr\[0\],8.4µm
net989,8.4µm
net1095,8.4µm
_0320_,8.385µm
net692,8.38µm
net1061,8.38µm
load_data[6],8.37µm
store_data[6],8.37µm
_0481_,8.365µm
_0969_,8.365µm
_0044_,8.36µm
_1315_,8.36µm
_1465_,8.36µm
lsu.load_fifo.queue\[5\]\[12\],8.36µm
lsu.store_fifo.queue\[8\]\[4\],8.36µm
net543,8.36µm
_0415_,8.345µm
_0589_,8.34µm
_1280_,8.34µm
lsu.load_fifo.queue\[0\]\[28\],8.32µm
lsu.load_fifo.queue\[11\]\[18\],8.32µm
lsu.load_fifo.queue\[11\]\[19\],8.32µm
lsu.load_fifo.queue\[15\]\[23\],8.32µm
lsu.load_fifo.queue\[7\]\[26\],8.32µm
lsu.store_fifo.queue\[5\]\[2\],8.32µm
net1094,8.32µm
_1817_,8.31µm
_0339_,8.3µm
net501,8.3µm
_0714_,8.28µm
net1208,8.28µm
net1283,8.28µm
_0631_,8.275µm
_1070_,8.275µm
_0621_,8.265µm
_0755_,8.265µm
store_addr[15],8.25µm
net474,8.24µm
net922,8.24µm
_0207_,8.225µm
_0217_,8.225µm
_0223_,8.225µm
_0228_,8.225µm
_0297_,8.225µm
_0449_,8.225µm
_0468_,8.225µm
_0527_,8.225µm
_0601_,8.225µm
_0720_,8.225µm
_0815_,8.225µm
lsu.store_fifo.queue\[14\]\[0\],8.225µm
_1608_,8.22µm
net1200,8.22µm
_1678_,8.2µm
acc.byte0\[5\],8.2µm
lsu.load_fifo.queue\[0\]\[7\],8.2µm
_0140_,8.19µm
_0796_,8.16µm
_0802_,8.16µm
_0882_,8.16µm
_0492_,8.145µm
_1204_,8.145µm
_0898_,8.14µm
_1311_,8.14µm
_1475_,8.14µm
net1118,8.14µm
lsu.load_fifo.queue\[10\]\[12\],8.13µm
_1224_,8.125µm
_1225_,8.125µm
_1117_,8.12µm
_1737_,8.12µm
_0272_,8.115µm
_0982_,8.115µm
_1875_,8.1µm
acc.byte0\[6\],8.1µm
lsu.load_fifo.queue\[4\]\[14\],8.1µm
lsu.load_fifo.queue\[5\]\[9\],8.1µm
net829,8.1µm
_0281_,8.065µm
_0313_,8.065µm
_1067_,8.065µm
_1230_,8.06µm
_1904_,8.06µm
lsu.load_fifo.queue\[8\]\[31\],8.06µm
net142,8.06µm
_1885_,8.04µm
_0229_,8.025µm
_1087_,8.025µm
_1989_,8.02µm
lsu.load_fifo.queue\[4\]\[0\],8.02µm
net130,8.02µm
net158,8.02µm
net844,8.02µm
_0482_,8.005µm
_1212_,8µm
_0635_,7.985µm
_0954_,7.985µm
_1068_,7.985µm
lsu.store_fifo.queue\[2\]\[2\],7.985µm
_1428_,7.98µm
_1795_,7.98µm
net106,7.98µm
net157,7.98µm
net530,7.98µm
net701,7.98µm
net764,7.98µm
net957,7.98µm
net1246,7.98µm
_0179_,7.96µm
_1312_,7.94µm
_1503_,7.94µm
_1865_,7.94µm
net594,7.94µm
net657,7.94µm
_0234_,7.92µm
net678,7.92µm
net797,7.92µm
net475,7.9µm
net48,7.88µm
net52,7.88µm
net582,7.88µm
_1389_,7.87µm
_1054_,7.865µm
_1119_,7.86µm
_1442_,7.86µm
_1816_,7.86µm
lsu.load_fifo.queue\[0\]\[11\],7.86µm
lsu.load_fifo.queue\[0\]\[25\],7.86µm
lsu.load_fifo.queue\[13\]\[14\],7.86µm
lsu.load_fifo.queue\[7\]\[15\],7.86µm
lsu.load_fifo.queue\[7\]\[5\],7.86µm
net535,7.86µm
net525,7.84µm
net601,7.84µm
net915,7.84µm
net1086,7.84µm
_0478_,7.815µm
_0929_,7.815µm
_0248_,7.805µm
_0383_,7.805µm
_0559_,7.805µm
_0681_,7.805µm
net528,7.8µm
_1182_,7.79µm
lsu.load_fifo.queue\[15\]\[28\],7.78µm
net1041,7.78µm
_0194_,7.765µm
_0335_,7.765µm
_0349_,7.765µm
_0424_,7.765µm
_0558_,7.765µm
_0957_,7.765µm
_1089_,7.765µm
_1900_,7.76µm
lsu.load_fifo.queue\[12\]\[14\],7.76µm
net1264,7.76µm
net1299,7.76µm
acc.byte2\[3\],7.74µm
lsu.load_fifo.queue\[12\]\[25\],7.74µm
lsu.store_fifo.queue\[5\]\[0\],7.74µm
_0154_,7.73µm
_0643_,7.725µm
_0669_,7.725µm
_1688_,7.72µm
_0577_,7.705µm
_1484_,7.7µm
_1958_,7.7µm
_0778_,7.685µm
_0818_,7.68µm
_1497_,7.68µm
net959,7.68µm
load_data[3],7.67µm
_0373_,7.665µm
_0127_,7.65µm
_1464_,7.64µm
_1504_,7.64µm
_1662_,7.64µm
lsu.store_fifo.queue\[0\]\[0\],7.64µm
net108,7.64µm
net110,7.64µm
net703,7.64µm
net1169,7.64µm
net1172,7.64µm
net1245,7.64µm
_1139_,7.62µm
_0391_,7.605µm
_0715_,7.6µm
_1132_,7.6µm
_1751_,7.6µm
_1821_,7.6µm
lsu.load_fifo.queue\[9\]\[28\],7.6µm
net1116,7.6µm
_1338_,7.58µm
_1891_,7.58µm
acc.start,7.58µm
_0208_,7.565µm
_0305_,7.565µm
_0472_,7.565µm
_0551_,7.565µm
_0949_,7.565µm
_0763_,7.56µm
_1493_,7.56µm
acc.byte0\[3\],7.56µm
_0596_,7.54µm
_1056_,7.525µm
_1153_,7.52µm
net421,7.52µm
net503,7.52µm
net641,7.52µm
net643,7.52µm
net675,7.52µm
net722,7.52µm
net843,7.52µm
net1130,7.52µm
net1227,7.52µm
_0120_,7.51µm
_0549_,7.485µm
net691,7.48µm
net874,7.48µm
net1059,7.48µm
_0503_,7.46µm
_1055_,7.46µm
net555,7.46µm
net877,7.46µm
_0563_,7.445µm
_1308_,7.42µm
_1888_,7.42µm
net903,7.42µm
lsu.load_fifo.queue\[13\]\[4\],7.4µm
net1060,7.4µm
_0312_,7.385µm
_0758_,7.385µm
net1097,7.38µm
_0004_,7.37µm
net840,7.36µm
net924,7.36µm
net1153,7.36µm
_0361_,7.345µm
_0615_,7.345µm
_0660_,7.345µm
_0771_,7.345µm
net576,7.34µm
net793,7.34µm
_0093_,7.33µm
_0119_,7.33µm
_0146_,7.32µm
_1166_,7.32µm
_1554_,7.32µm
_1717_,7.32µm
lsu.load_fifo.queue\[0\]\[23\],7.32µm
_0989_,7.305µm
net954,7.305µm
_1031_,7.3µm
net1305,7.3µm
_0734_,7.28µm
_0116_,7.26µm
_0493_,7.245µm
_0603_,7.245µm
_1534_,7.24µm
_1585_,7.24µm
_1770_,7.24µm
net588,7.24µm
_0027_,7.23µm
_0825_,7.22µm
_0909_,7.22µm
_1914_,7.22µm
lsu.load_fifo.queue\[8\]\[24\],7.22µm
net685,7.22µm
net1239,7.22µm
_1256_,7.2µm
_1964_,7.2µm
_0239_,7.195µm
_0474_,7.185µm
_0819_,7.18µm
_1274_,7.18µm
_1527_,7.18µm
_1711_,7.18µm
_1785_,7.18µm
lsu.load_fifo.queue\[8\]\[22\],7.18µm
net652,7.18µm
_1091_,7.165µm
_1023_,7.16µm
_1172_,7.16µm
_1812_,7.16µm
_0840_,7.155µm
_0411_,7.145µm
_0633_,7.145µm
_0757_,7.145µm
net800,7.145µm
_0831_,7.14µm
_1260_,7.14µm
_1392_,7.14µm
net97,7.14µm
net1224,7.14µm
_1179_,7.12µm
_1957_,7.12µm
lsu.load_fifo.queue\[7\]\[9\],7.1µm
net1090,7.1µm
_1227_,7.08µm
_1463_,7.08µm
_0738_,7.06µm
_0821_,7.06µm
_1165_,7.06µm
_1869_,7.06µm
acc.byte3\[7\],7.06µm
net552,7.06µm
net786,7.06µm
net881,7.06µm
net1016,7.06µm
net1275,7.06µm
_1272_,7.04µm
_0657_,7.025µm
_0991_,7.02µm
_0426_,7.015µm
_1908_,7.015µm
_0960_,7µm
net1002,7µm
net1113,7µm
_1037_,6.985µm
_0167_,6.98µm
net723,6.98µm
_0291_,6.96µm
_0334_,6.96µm
_0342_,6.96µm
_0580_,6.96µm
_0619_,6.96µm
_0674_,6.96µm
net717,6.96µm
net885,6.96µm
net1120,6.96µm
net1166,6.96µm
lsu.load_fifo.queue\[11\]\[10\],6.94µm
_0338_,6.935µm
_0632_,6.925µm
_1292_,6.92µm
_1352_,6.92µm
net622,6.92µm
net964,6.92µm
net1170,6.92µm
net1233,6.92µm
_1265_,6.9µm
_1459_,6.9µm
_1614_,6.9µm
_1949_,6.9µm
net575,6.9µm
net690,6.9µm
net775,6.9µm
net921,6.9µm
net1017,6.9µm
store_addr[5],6.89µm
_0242_,6.885µm
_0666_,6.885µm
net882,6.88µm
_0090_,6.87µm
_0651_,6.865µm
_1771_,6.86µm
_1774_,6.86µm
_1824_,6.86µm
net677,6.86µm
_0968_,6.845µm
_0058_,6.84µm
_0798_,6.84µm
_2010_,6.84µm
lsu.load_fifo.data_in\[21\],6.84µm
net71,6.84µm
net600,6.84µm
_0488_,6.825µm
_0554_,6.825µm
_0572_,6.825µm
_0717_,6.825µm
_1038_,6.825µm
_1722_,6.82µm
net1185,6.82µm
_0701_,6.795µm
_1514_,6.78µm
_1740_,6.78µm
_0168_,6.77µm
store_base_addr[15],6.77µm
_0672_,6.765µm
_1501_,6.76µm
_1803_,6.76µm
_1960_,6.76µm
_1980_,6.76µm
net996,6.76µm
net1141,6.76µm
net1293,6.76µm
_0091_,6.75µm
_0971_,6.745µm
_1426_,6.72µm
_1794_,6.72µm
_1940_,6.72µm
net111,6.72µm
net1052,6.72µm
_0737_,6.7µm
_1418_,6.7µm
_0647_,6.695µm
_0219_,6.685µm
_0254_,6.685µm
_0370_,6.685µm
_1034_,6.685µm
_1069_,6.685µm
_0417_,6.645µm
_0533_,6.645µm
_0574_,6.645µm
_0693_,6.645µm
_1700_,6.64µm
_1828_,6.64µm
lsu.load_fifo.queue\[4\]\[27\],6.64µm
net10,6.64µm
net651,6.64µm
net876,6.64µm
_0480_,6.62µm
_0698_,6.62µm
_1164_,6.62µm
_1779_,6.62µm
lsu.load_fifo.queue\[11\]\[9\],6.62µm
lsu.load_fifo.queue\[1\]\[30\],6.62µm
_1140_,6.6µm
_1247_,6.6µm
_2005_,6.6µm
net603,6.6µm
net835,6.6µm
net1129,6.6µm
_0252_,6.595µm
_0243_,6.565µm
_0977_,6.565µm
net842,6.54µm
net998,6.54µm
_0097_,6.53µm
_0564_,6.525µm
_1978_,6.52µm
lsu.load_fifo.queue\[12\]\[11\],6.52µm
_1625_,6.51µm
_0970_,6.5µm
net524,6.5µm
net621,6.5µm
net649,6.5µm
net728,6.5µm
net759,6.5µm
net823,6.5µm
net846,6.5µm
net1136,6.5µm
_1916_,6.48µm
lsu.load_fifo.queue\[9\]\[16\],6.48µm
lsu.load_fifo.queue\[9\]\[18\],6.48µm
_0213_,6.465µm
_0562_,6.465µm
_0636_,6.465µm
net825,6.46µm
net1218,6.46µm
_0354_,6.445µm
net515,6.44µm
net520,6.44µm
count[19],6.43µm
net453,6.43µm
_0795_,6.42µm
_0810_,6.42µm
net715,6.42µm
net863,6.42µm
net960,6.42µm
_0003_,6.41µm
_0201_,6.405µm
_0912_,6.405µm
net815,6.4µm
_0416_,6.38µm
_0746_,6.38µm
_0803_,6.38µm
_0015_,6.37µm
_0163_,6.37µm
_0182_,6.365µm
_0185_,6.365µm
_0191_,6.365µm
_0214_,6.365µm
_0255_,6.365µm
_0271_,6.365µm
_0351_,6.365µm
_0368_,6.365µm
_0395_,6.365µm
_0496_,6.365µm
_0594_,6.365µm
_0679_,6.365µm
_0688_,6.365µm
_0761_,6.365µm
_1071_,6.365µm
net836,6.36µm
_0663_,6.355µm
net1241,6.32µm
load_data[13],6.31µm
load_data[14],6.31µm
load_data[28],6.31µm
_0362_,6.305µm
_0540_,6.305µm
_0881_,6.3µm
_0927_,6.3µm
_1020_,6.3µm
_1147_,6.3µm
_1192_,6.3µm
_1913_,6.3µm
lsu.load_fifo.queue\[0\]\[3\],6.3µm
_1607_,6.28µm
_1494_,6.26µm
net119,6.26µm
net950,6.26µm
net1027,6.26µm
_0425_,6.225µm
_0486_,6.225µm
_0158_,6.21µm
store_addr[19],6.21µm
_0511_,6.185µm
_0515_,6.185µm
_0521_,6.185µm
_0544_,6.185µm
_0561_,6.185µm
_0567_,6.185µm
_0753_,6.185µm
_1544_,6.18µm
_1589_,6.18µm
_1988_,6.18µm
lsu.load_fifo.queue\[8\]\[15\],6.18µm
_0713_,6.14µm
_1108_,6.14µm
_1394_,6.14µm
_1517_,6.14µm
_1748_,6.14µm
_1811_,6.14µm
_1973_,6.14µm
lsu.load_fifo.r_ptr\[1\],6.14µm
net521,6.14µm
net583,6.14µm
net696,6.14µm
net751,6.14µm
_0541_,6.105µm
_0790_,6.105µm
_0947_,6.085µm
_0843_,6.08µm
_1250_,6.08µm
net707,6.08µm
net862,6.08µm
net1146,6.08µm
_0390_,6.065µm
lsu.load_fifo.queue\[2\]\[22\],6.065µm
net534,6.065µm
net1209,6.065µm
lsu.load_fifo.queue\[12\]\[9\],6.06µm
net43,6.06µm
_0623_,6.04µm
_1074_,6.04µm
net618,6.04µm
net627,6.04µm
net714,6.04µm
net1122,6.04µm
net1173,6.04µm
lsu.load_fifo.queue\[1\]\[27\],6.02µm
lsu.load_fifo.queue\[5\]\[8\],6.02µm
net481,6.02µm
_0484_,6.015µm
_0302_,6.005µm
_0762_,6.005µm
_1432_,5.98µm
net561,5.98µm
net945,5.98µm
net1024,5.98µm
net1084,5.98µm
net465,5.97µm
_0307_,5.965µm
_0324_,5.965µm
_0375_,5.965µm
_0428_,5.965µm
_0466_,5.965µm
_0691_,5.965µm
_0768_,5.965µm
_0889_,5.96µm
_1419_,5.96µm
net547,5.96µm
_0353_,5.945µm
_0073_,5.94µm
_1213_,5.94µm
_1363_,5.94µm
_0924_,5.92µm
_1629_,5.92µm
net500,5.92µm
net672,5.92µm
_0047_,5.91µm
_0113_,5.91µm
_0155_,5.91µm
net155,5.9µm
_0773_,5.885µm
_1455_,5.86µm
_0016_,5.85µm
_0289_,5.845µm
_0479_,5.845µm
_0624_,5.845µm
_0013_,5.84µm
_0891_,5.84µm
_0995_,5.84µm
_1337_,5.84µm
_1692_,5.84µm
_1706_,5.84µm
net50,5.84µm
net73,5.84µm
_0839_,5.805µm
_1011_,5.8µm
_1170_,5.8µm
_1360_,5.8µm
_1618_,5.8µm
_1873_,5.8µm
_1941_,5.8µm
_1951_,5.8µm
net120,5.8µm
net126,5.8µm
net847,5.8µm
net943,5.8µm
net1164,5.8µm
lsu.load_fifo.queue\[2\]\[8\],5.79µm
_0566_,5.775µm
_0212_,5.765µm
_0222_,5.765µm
_0225_,5.765µm
_0288_,5.765µm
_0543_,5.765µm
_0598_,5.765µm
_0608_,5.765µm
_0692_,5.765µm
_0703_,5.765µm
_1073_,5.765µm
net466,5.75µm
_1188_,5.74µm
_0454_,5.725µm
_1233_,5.72µm
_1650_,5.72µm
_1798_,5.72µm
_1962_,5.72µm
net597,5.72µm
net812,5.72µm
net1111,5.72µm
net1235,5.72µm
_0230_,5.7µm
_0652_,5.7µm
_0736_,5.68µm
_0742_,5.68µm
_1754_,5.68µm
net508,5.68µm
net509,5.68µm
net568,5.68µm
net919,5.68µm
net1080,5.68µm
_0265_,5.645µm
load_data[10],5.63µm
_0412_,5.625µm
_0648_,5.62µm
_1320_,5.62µm
_0215_,5.605µm
_0388_,5.605µm
_1052_,5.605µm
_0095_,5.6µm
_1207_,5.6µm
lsu.load_fifo.queue\[3\]\[7\],5.6µm
lsu.load_fifo.queue\[8\]\[1\],5.6µm
lsu.load_fifo.queue\[9\]\[13\],5.6µm
net1076,5.6µm
_0526_,5.58µm
_1626_,5.58µm
net906,5.58µm
net993,5.58µm
net1133,5.58µm
net1223,5.58µm
_0740_,5.56µm
net1287,5.56µm
_0490_,5.555µm
net773,5.555µm
_0442_,5.545µm
_0471_,5.545µm
_0529_,5.545µm
_0781_,5.545µm
_0847_,5.545µm
_0170_,5.53µm
store_base_addr[14],5.53µm
store_data[0],5.53µm
_1289_,5.52µm
net1284,5.52µm
_0261_,5.505µm
_0419_,5.505µm
_0531_,5.505µm
_0546_,5.505µm
_0665_,5.505µm
_0725_,5.505µm
_0760_,5.505µm
_0988_,5.505µm
_0834_,5.5µm
_0926_,5.5µm
_0553_,5.48µm
_1196_,5.48µm
_1254_,5.48µm
_1592_,5.48µm
_0284_,5.465µm
_0885_,5.46µm
_1208_,5.46µm
_1529_,5.46µm
_1644_,5.46µm
_0166_,5.45µm
_0174_,5.45µm
_1952_,5.4µm
_0121_,5.38µm
_1180_,5.38µm
_1205_,5.38µm
_1461_,5.38µm
_1521_,5.38µm
_1981_,5.38µm
net1045,5.38µm
net1149,5.38µm
net1225,5.38µm
net776,5.365µm
_1787_,5.36µm
_1066_,5.345µm
_0801_,5.34µm
_0812_,5.34µm
_0823_,5.34µm
_0826_,5.34µm
_0900_,5.34µm
_0903_,5.34µm
_1014_,5.34µm
_1118_,5.34µm
_1262_,5.34µm
_1982_,5.34µm
acc.data_out\[7\],5.34µm
net24,5.34µm
net137,5.34µm
net1131,5.34µm
net1175,5.34µm
net1298,5.34µm
_0043_,5.33µm
_0576_,5.315µm
net925,5.315µm
store_data[4],5.31µm
_0263_,5.305µm
_0327_,5.305µm
_0392_,5.305µm
_0508_,5.305µm
_0599_,5.305µm
_0612_,5.305µm
_0933_,5.305µm
_0070_,5.29µm
net455,5.29µm
net462,5.29µm
_1641_,5.28µm
_1922_,5.28µm
_0447_,5.265µm
_0786_,5.26µm
_0890_,5.26µm
_1158_,5.26µm
_1210_,5.26µm
_1350_,5.26µm
_1810_,5.26µm
_1837_,5.26µm
_1948_,5.26µm
_1969_,5.26µm
net553,5.26µm
net768,5.26µm
net777,5.26µm
net963,5.26µm
_0494_,5.24µm
_0743_,5.22µm
_1595_,5.22µm
_1691_,5.22µm
_1793_,5.22µm
net36,5.22µm
net598,5.22µm
net869,5.22µm
net920,5.22µm
store_addr[3],5.19µm
_0670_,5.185µm
_1741_,5.16µm
net610,5.16µm
net666,5.16µm
net1206,5.16µm
_0948_,5.145µm
_0913_,5.14µm
_1121_,5.14µm
_1242_,5.14µm
_1966_,5.14µm
net58,5.14µm
net559,5.14µm
_0550_,5.135µm
_1276_,5.12µm
net55,5.12µm
net556,5.12µm
net584,5.12µm
net640,5.12µm
net676,5.12µm
net720,5.12µm
net761,5.12µm
net792,5.12µm
net889,5.12µm
net971,5.12µm
net1047,5.12µm
net1106,5.12µm
_0055_,5.1µm
_0063_,5.1µm
_0141_,5.1µm
_1251_,5.1µm
_0304_,5.095µm
_0366_,5.095µm
_0386_,5.095µm
_0695_,5.095µm
_1035_,5.095µm
_1062_,5.095µm
_0504_,5.085µm
_0783_,5.085µm
_0966_,5.085µm
_0011_,5.07µm
_0079_,5.07µm
store_base_addr[12],5.07µm
net461,5.07µm
net464,5.07µm
net468,5.07µm
_1871_,5.06µm
net849,5.06µm
net896,5.06µm
_0545_,5.045µm
_1059_,5.045µm
_0793_,5.04µm
net647,5.04µm
net911,5.04µm
net1177,5.04µm
net499,5.03µm
_1879_,5.02µm
_0080_,5µm
_0785_,4.995µm
_0017_,4.99µm
_0074_,4.99µm
net1309,4.99µm
_0231_,4.985µm
_0295_,4.975µm
_0500_,4.975µm
net586,4.975µm
_0088_,4.97µm
_0646_,4.965µm
_0654_,4.965µm
net667,4.965µm
load_data[18],4.95µm
load_data[19],4.95µm
load_data[26],4.95µm
load_data[4],4.95µm
load_data[5],4.95µm
_0705_,4.94µm
_0784_,4.94µm
_1834_,4.94µm
net821,4.94µm
_0800_,4.92µm
_1009_,4.92µm
_1024_,4.92µm
_1301_,4.92µm
_1697_,4.92µm
_1902_,4.92µm
_1954_,4.92µm
lsu.load_fifo.queue\[9\]\[8\],4.92µm
lsu.store_fifo.queue\[13\]\[8\],4.92µm
net1087,4.92µm
net1240,4.92µm
net884,4.9µm
_1093_,4.885µm
_0028_,4.88µm
_1135_,4.88µm
_1378_,4.88µm
_1436_,4.88µm
_1984_,4.88µm
acc.data_out\[5\],4.88µm
lsu.load_fifo.queue\[13\]\[25\],4.88µm
net153,4.88µm
net648,4.88µm
net724,4.88µm
net1214,4.88µm
net1226,4.88µm
_0012_,4.87µm
_0021_,4.87µm
_0125_,4.87µm
store_addr[2],4.85µm
store_addr[6],4.85µm
store_addr[8],4.85µm
_0188_,4.845µm
_0498_,4.845µm
_0539_,4.845µm
_0548_,4.845µm
_0677_,4.805µm
_1036_,4.805µm
_1049_,4.805µm
_1329_,4.8µm
_1530_,4.8µm
_1807_,4.8µm
net539,4.8µm
net596,4.8µm
net637,4.8µm
net661,4.8µm
net708,4.8µm
net716,4.8µm
net861,4.8µm
net890,4.8µm
net970,4.8µm
net1043,4.8µm
net1266,4.8µm
net1271,4.8µm
_1017_,4.765µm
_0109_,4.76µm
_0111_,4.76µm
net936,4.76µm
_0210_,4.725µm
_0220_,4.725µm
_0617_,4.725µm
net1123,4.725µm
_1278_,4.7µm
_1739_,4.7µm
net650,4.7µm
net947,4.7µm
net981,4.7µm
net1004,4.7µm
net1262,4.7µm
_0732_,4.68µm
net570,4.68µm
net801,4.68µm
net854,4.68µm
net1015,4.68µm
_1863_,4.66µm
net613,4.66µm
net1105,4.66µm
net1203,4.66µm
_0202_,4.625µm
_0461_,4.625µm
_0513_,4.625µm
_0772_,4.625µm
net855,4.625µm
_0133_,4.61µm
_0161_,4.61µm
load_data[12],4.61µm
load_data[15],4.61µm
load_data[2],4.61µm
load_data[30],4.61µm
net448,4.61µm
net449,4.61µm
net463,4.61µm
_1481_,4.6µm
net900,4.6µm
net1092,4.6µm
_0309_,4.585µm
_0369_,4.585µm
_0680_,4.585µm
_0682_,4.585µm
_0649_,4.58µm
_0923_,4.58µm
_0956_,4.58µm
_1029_,4.58µm
_1141_,4.58µm
_1823_,4.58µm
net718,4.58µm
net1285,4.58µm
_1053_,4.56µm
net1078,4.56µm
_0293_,4.555µm
_0483_,4.555µm
_0106_,4.54µm
_1829_,4.54µm
_0083_,4.53µm
_0124_,4.53µm
_0311_,4.525µm
_0025_,4.51µm
_0035_,4.51µm
_0318_,4.505µm
_0477_,4.505µm
_0711_,4.48µm
_1178_,4.48µm
net51,4.48µm
net69,4.48µm
_1012_,4.46µm
_1076_,4.46µm
_1189_,4.46µm
_1284_,4.46µm
_1411_,4.46µm
_1491_,4.46µm
_1537_,4.46µm
_1768_,4.46µm
net74,4.46µm
net867,4.46µm
_1171_,4.44µm
_1677_,4.44µm
_0627_,4.425µm
_0659_,4.425µm
_0829_,4.42µm
_0915_,4.42µm
_1032_,4.42µm
_1033_,4.42µm
_1495_,4.42µm
_1597_,4.42µm
_1814_,4.42µm
net748,4.42µm
net1244,4.42µm
net447,4.39µm
_0314_,4.385µm
_0379_,4.385µm
_0431_,4.385µm
_0683_,4.385µm
_0955_,4.385µm
_0975_,4.385µm
_0752_,4.34µm
_1776_,4.34µm
acc.data_out\[6\],4.34µm
net510,4.34µm
net999,4.34µm
_1441_,4.32µm
_0499_,4.295µm
_0639_,4.295µm
net457,4.27µm
net794,4.24µm
net1202,4.24µm
_0744_,4.22µm
_1415_,4.22µm
_1598_,4.22µm
_1395_,4.2µm
net536,4.2µm
net538,4.2µm
net565,4.2µm
net572,4.2µm
net592,4.2µm
net665,4.2µm
net731,4.2µm
net753,4.2µm
_1235_,4.18µm
_0450_,4.165µm
_0489_,4.165µm
_0678_,4.165µm
_0846_,4.165µm
_0476_,4.145µm
_0764_,4.14µm
_1226_,4.14µm
net57,4.14µm
net624,4.14µm
net626,4.14µm
net654,4.14µm
net1167,4.14µm
_0485_,4.125µm
_0765_,4.12µm
_0809_,4.12µm
_0914_,4.12µm
_0992_,4.12µm
_0999_,4.12µm
_1025_,4.12µm
_1026_,4.12µm
net811,4.12µm
net772,4.1µm
net1294,4.1µm
_0050_,4.08µm
_0131_,4.08µm
_0145_,4.08µm
_0152_,4.08µm
_0176_,4.08µm
_1906_,4.08µm
_0102_,4.05µm
_0144_,4.05µm
_0457_,4.045µm
_0712_,4.02µm
_0828_,4.02µm
_1756_,4.02µm
_0775_,4µm
_0780_,4µm
_0791_,4µm
_0816_,4µm
_0895_,4µm
_0907_,4µm
_1002_,4µm
_1843_,4µm
net878,4µm
net1000,4µm
net1160,4µm
_1162_,3.98µm
net1296,3.98µm
_0308_,3.975µm
_0524_,3.975µm
_0625_,3.975µm
_0950_,3.965µm
net749,3.965µm
_0363_,3.925µm
_0378_,3.925µm
_0421_,3.925µm
_0433_,3.925µm
_0517_,3.925µm
_0569_,3.925µm
_0575_,3.925µm
_0607_,3.925µm
_0673_,3.925µm
_0675_,3.925µm
_1039_,3.925µm
net702,3.9µm
_1193_,3.88µm
_1221_,3.88µm
_1300_,3.88µm
_1454_,3.88µm
_1683_,3.88µm
_1738_,3.88µm
_1757_,3.88µm
_1775_,3.88µm
_1826_,3.88µm
_1907_,3.88µm
net574,3.88µm
net734,3.88µm
net1038,3.88µm
_0911_,3.845µm
_0664_,3.805µm
_0774_,3.805µm
_0976_,3.805µm
_1094_,3.805µm
_0294_,3.78µm
_0507_,3.78µm
_0560_,3.78µm
_0653_,3.78µm
_0932_,3.78µm
_1372_,3.78µm
net537,3.78µm
net606,3.78µm
net614,3.78µm
net616,3.78µm
net712,3.78µm
net741,3.78µm
net762,3.78µm
net833,3.78µm
net1222,3.78µm
_0056_,3.76µm
_0112_,3.76µm
_0115_,3.76µm
_0728_,3.76µm
net679,3.74µm
net788,3.74µm
net802,3.74µm
net868,3.74µm
net870,3.74µm
net905,3.74µm
net949,3.74µm
net1210,3.74µm
_0285_,3.705µm
_0547_,3.705µm
_0637_,3.705µm
_0854_,3.705µm
_0920_,3.705µm
_0967_,3.705µm
_0092_,3.69µm
_1518_,3.68µm
_1543_,3.68µm
net686,3.68µm
net754,3.68µm
net886,3.68µm
net942,3.68µm
net1261,3.68µm
_1003_,3.66µm
_1169_,3.64µm
lsu.load_fifo.queue\[0\]\[1\],3.64µm
_0928_,3.635µm
_0052_,3.59µm
_0134_,3.59µm
_0331_,3.585µm
_0440_,3.585µm
_0686_,3.585µm
_0871_,3.585µm
_1050_,3.585µm
_0902_,3.56µm
_1680_,3.56µm
net1077,3.56µm
_0020_,3.54µm
_0100_,3.54µm
_0777_,3.54µm
_0806_,3.54µm
_0808_,3.54µm
_0908_,3.54µm
_1267_,3.54µm
_1342_,3.54µm
_1366_,3.54µm
_1409_,3.54µm
_1682_,3.54µm
net78,3.54µm
net725,3.54µm
net1229,3.54µm
_1127_,3.52µm
_1805_,3.515µm
_0938_,3.505µm
_0211_,3.485µm
_0190_,3.465µm
_0209_,3.465µm
_0371_,3.465µm
_0376_,3.465µm
_0398_,3.465µm
_0434_,3.465µm
_0588_,3.465µm
_0628_,3.465µm
_0638_,3.465µm
_0813_,3.465µm
_0817_,3.465µm
_0830_,3.465µm
_0874_,3.465µm
_0935_,3.465µm
_0990_,3.465µm
_1047_,3.465µm
_0842_,3.44µm
_0864_,3.44µm
_1764_,3.44µm
_1953_,3.44µm
_0905_,3.42µm
_1689_,3.42µm
_1773_,3.42µm
net469,3.42µm
net541,3.42µm
net639,3.42µm
net670,3.42µm
net740,3.42µm
net745,3.42µm
net828,3.42µm
net851,3.42µm
net871,3.42µm
net908,3.42µm
net1022,3.42µm
net1025,3.42µm
net1135,3.42µm
net1176,3.42µm
net1273,3.42µm
_0805_,3.385µm
_0189_,3.345µm
_0501_,3.345µm
_0520_,3.345µm
_0537_,3.345µm
_0658_,3.345µm
_0766_,3.345µm
_0782_,3.345µm
_0965_,3.345µm
_1058_,3.345µm
_0278_,3.32µm
_0557_,3.32µm
_0662_,3.32µm
_0754_,3.32µm
_0875_,3.32µm
_0972_,3.32µm
_1603_,3.32µm
_1967_,3.32µm
net540,3.32µm
net545,3.32µm
net634,3.32µm
net671,3.32µm
net743,3.32µm
net899,3.32µm
net928,3.32µm
net983,3.32µm
net1066,3.32µm
net1151,3.32µm
net1265,3.32µm
_0009_,3.3µm
_0735_,3.3µm
lsu.load_fifo.queue\[12\]\[23\],3.3µm
net680,3.3µm
_0249_,3.245µm
_0341_,3.245µm
_0393_,3.245µm
_0400_,3.245µm
_0427_,3.245µm
_0505_,3.245µm
_0590_,3.245µm
_0629_,3.245µm
_0640_,3.245µm
_0770_,3.245µm
_0811_,3.245µm
_0848_,3.245µm
_0040_,3.23µm
_1861_,3.22µm
_1864_,3.22µm
net587,3.22µm
net705,3.22µm
net721,3.22µm
net769,3.22µm
net935,3.22µm
net1101,3.22µm
net1195,3.22µm
net1242,3.22µm
net1256,3.22µm
net1289,3.22µm
_1971_,3.21µm
_1657_,3.205µm
_1084_,3.2µm
net779,3.2µm
net973,3.2µm
_0930_,3.195µm
_0794_,3.18µm
_0884_,3.18µm
_1665_,3.18µm
net750,3.18µm
_0597_,3.175µm
_0767_,3.175µm
_0776_,3.175µm
_0779_,3.175µm
_0315_,3.165µm
_0226_,3.145µm
_0420_,3.145µm
_0432_,3.145µm
_0022_,3.13µm
_0069_,3.13µm
_0151_,3.13µm
_0197_,3.125µm
_0340_,3.125µm
_0410_,3.125µm
_0430_,3.125µm
_1167_,3.1µm
_1184_,3.1µm
_1686_,3.1µm
_1701_,3.1µm
_1874_,3.1µm
net67,3.1µm
net1028,3.1µm
_0727_,3.08µm
_0731_,3.08µm
_1015_,3.08µm
_1016_,3.08µm
_1082_,3.08µm
_1191_,3.08µm
_1477_,3.08µm
_1573_,3.08µm
_1979_,3.08µm
_1987_,3.08µm
net37,3.08µm
net49,3.08µm
net59,3.08µm
net62,3.08µm
net668,3.08µm
net787,3.08µm
net1181,3.08µm
net1220,3.08µm
net1243,3.08µm
net1291,3.08µm
net1306,3.08µm
net923,3.055µm
_0206_,3.045µm
_0448_,3.045µm
_0863_,3.045µm
_0187_,3.005µm
_0404_,3.005µm
_0571_,3.005µm
_0756_,3.005µm
_0845_,3.005µm
_0939_,3.005µm
_1515_,3µm
_1535_,2.98µm
_1990_,2.98µm
_1351_,2.96µm
_1457_,2.96µm
_1745_,2.96µm
_2038_,2.96µm
net235,2.96µm
net550,2.96µm
net608,2.96µm
net746,2.96µm
net893,2.96µm
net930,2.96µm
net990,2.96µm
_0403_,2.955µm
_0852_,2.955µm
_0512_,2.885µm
_0850_,2.885µm
_0855_,2.885µm
_0865_,2.885µm
_0873_,2.885µm
_0941_,2.88µm
_0216_,2.86µm
_0326_,2.86µm
_0409_,2.86µm
_0532_,2.86µm
_0552_,2.86µm
_0570_,2.86µm
_0573_,2.86µm
_0606_,2.86µm
net579,2.86µm
net660,2.86µm
net684,2.86µm
net739,2.86µm
net932,2.86µm
net965,2.86µm
net988,2.86µm
net995,2.86µm
net1011,2.86µm
net1064,2.86µm
net1204,2.86µm
net1230,2.86µm
net1236,2.86µm
net1250,2.86µm
_0026_,2.84µm
_0032_,2.84µm
_0081_,2.84µm
_0099_,2.84µm
_0162_,2.84µm
_0709_,2.84µm
_0741_,2.84µm
_0749_,2.84µm
_1010_,2.84µm
net513,2.84µm
_0299_,2.835µm
_0689_,2.795µm
_0227_,2.785µm
_0259_,2.785µm
_0319_,2.785µm
_0367_,2.785µm
_0384_,2.785µm
_0414_,2.785µm
_0422_,2.785µm
_0444_,2.785µm
_0467_,2.785µm
_0475_,2.785µm
_0584_,2.785µm
_0634_,2.785µm
_0685_,2.785µm
_0937_,2.785µm
_0943_,2.785µm
_1051_,2.785µm
net704,2.785µm
_0171_,2.77µm
_0491_,2.76µm
_1383_,2.76µm
_1753_,2.76µm
_1772_,2.76µm
net711,2.76µm
net713,2.76µm
net730,2.76µm
net766,2.76µm
net783,2.76µm
net791,2.76µm
net832,2.76µm
net891,2.76µm
net997,2.76µm
net1040,2.76µm
net1072,2.76µm
net1183,2.76µm
net1189,2.76µm
net1232,2.76µm
net1238,2.76µm
net1255,2.76µm
net1258,2.76µm
net1259,2.76µm
net1286,2.76µm
_0707_,2.74µm
net1178,2.74µm
_0280_,2.715µm
_0435_,2.715µm
_0611_,2.715µm
_0868_,2.715µm
_0372_,2.705µm
_0987_,2.705µm
net927,2.705µm
_0082_,2.69µm
_0108_,2.69µm
_0118_,2.69µm
_0156_,2.69µm
_0157_,2.69µm
_0101_,2.67µm
_1760_,2.64µm
_2017_,2.64µm
net629,2.64µm
_0077_,2.62µm
_0708_,2.62µm
_0730_,2.62µm
_0833_,2.62µm
_0835_,2.62µm
_0998_,2.62µm
_1008_,2.62µm
_1541_,2.62µm
_1710_,2.62µm
_1896_,2.62µm
net1081,2.62µm
net1096,2.62µm
net1194,2.62µm
net1196,2.62µm
net1276,2.62µm
_0303_,2.585µm
_0536_,2.585µm
_0556_,2.585µm
_0343_,2.545µm
_0364_,2.545µm
_0465_,2.545µm
_0656_,2.545µm
_0687_,2.545µm
_0724_,2.545µm
_0853_,2.545µm
_0860_,2.545µm
_0866_,2.545µm
_0934_,2.545µm
_0010_,2.5µm
_0036_,2.5µm
_0041_,2.5µm
_0165_,2.5µm
_0888_,2.5µm
_1129_,2.5µm
_1362_,2.5µm
_1695_,2.5µm
_1859_,2.5µm
net531,2.5µm
net632,2.5µm
net695,2.5µm
net757,2.5µm
net1014,2.5µm
net1257,2.5µm
_0451_,2.485µm
_0497_,2.485µm
_0944_,2.485µm
_0429_,2.42µm
_1040_,2.42µm
net502,2.4µm
net529,2.4µm
net562,2.4µm
net567,2.4µm
net585,2.4µm
net591,2.4µm
net593,2.4µm
net646,2.4µm
net653,2.4µm
net669,2.4µm
net682,2.4µm
net689,2.4µm
net710,2.4µm
net736,2.4µm
net738,2.4µm
net798,2.4µm
net907,2.4µm
net968,2.4µm
net972,2.4µm
net976,2.4µm
net979,2.4µm
net980,2.4µm
net1009,2.4µm
net1021,2.4µm
net1030,2.4µm
net1065,2.4µm
net1068,2.4µm
net1115,2.4µm
net1121,2.4µm
net1124,2.4µm
net1144,2.4µm
net1188,2.4µm
net1295,2.4µm
_0034_,2.38µm
_0049_,2.38µm
_0053_,2.38µm
_0060_,2.38µm
_0076_,2.38µm
_0084_,2.38µm
_0138_,2.38µm
_0142_,2.38µm
_0147_,2.38µm
_1018_,2.38µm
_1744_,2.38µm
_0323_,2.375µm
_0356_,2.375µm
_0876_,2.375µm
_0878_,2.375µm
_0204_,2.325µm
_0300_,2.325µm
_0402_,2.325µm
_0487_,2.325µm
_0522_,2.325µm
_0620_,2.325µm
_0676_,2.325µm
_0870_,2.325µm
_0981_,2.325µm
_1043_,2.325µm
_1086_,2.325µm
_0750_,2.3µm
_0897_,2.3µm
_1750_,2.3µm
net504,2.3µm
net507,2.3µm
net511,2.3µm
net512,2.3µm
net514,2.3µm
net516,2.3µm
net517,2.3µm
net523,2.3µm
net533,2.3µm
net542,2.3µm
net554,2.3µm
net560,2.3µm
net563,2.3µm
net569,2.3µm
net577,2.3µm
net578,2.3µm
net580,2.3µm
net589,2.3µm
net599,2.3µm
net605,2.3µm
net607,2.3µm
net609,2.3µm
net615,2.3µm
net620,2.3µm
net635,2.3µm
net638,2.3µm
net644,2.3µm
net681,2.3µm
net698,2.3µm
net706,2.3µm
net709,2.3µm
net719,2.3µm
net726,2.3µm
net732,2.3µm
net747,2.3µm
net755,2.3µm
net758,2.3µm
net763,2.3µm
net765,2.3µm
net767,2.3µm
net770,2.3µm
net771,2.3µm
net774,2.3µm
net782,2.3µm
net789,2.3µm
net803,2.3µm
net813,2.3µm
net827,2.3µm
net830,2.3µm
net831,2.3µm
net838,2.3µm
net848,2.3µm
net852,2.3µm
net857,2.3µm
net864,2.3µm
net875,2.3µm
net879,2.3µm
net880,2.3µm
net883,2.3µm
net894,2.3µm
net901,2.3µm
net902,2.3µm
net912,2.3µm
net918,2.3µm
net933,2.3µm
net934,2.3µm
net953,2.3µm
net984,2.3µm
net992,2.3µm
net1018,2.3µm
net1019,2.3µm
net1031,2.3µm
net1034,2.3µm
net1036,2.3µm
net1046,2.3µm
net1067,2.3µm
net1075,2.3µm
net1083,2.3µm
net1089,2.3µm
net1091,2.3µm
net1099,2.3µm
net1100,2.3µm
net1126,2.3µm
net1145,2.3µm
net1157,2.3µm
net1158,2.3µm
net1165,2.3µm
net1198,2.3µm
net1249,2.3µm
net1252,2.3µm
net1253,2.3µm
net1254,2.3µm
net1263,2.3µm
net1280,2.3µm
net1310,2.3µm
_0089_,2.28µm
_0706_,2.28µm
_0804_,2.28µm
_0883_,2.28µm
_0906_,2.28µm
_0910_,2.28µm
_0994_,2.28µm
_1000_,2.28µm
_1007_,2.28µm
_1022_,2.28µm
lsu.load_fifo.data_in\[29\],2.28µm
net1171,2.28µm
_0241_,2.255µm
_0014_,2.23µm
_0029_,2.23µm
_0048_,2.23µm
_0094_,2.23µm
_0096_,2.23µm
_0104_,2.23µm
_0130_,2.23µm
_0137_,2.23µm
_0139_,2.23µm
_0148_,2.23µm
_0149_,2.23µm
_0150_,2.23µm
_0159_,2.23µm
_0164_,2.23µm
_1065_,2.225µm
_0023_,2.21µm
_0031_,2.21µm
_0136_,2.21µm
_0514_,2.205µm
_0716_,2.18µm
_1759_,2.18µm
_1862_,2.18µm
net33,2.18µm
net1137,2.18µm
_0008_,2.16µm
_0729_,2.16µm
_0748_,2.16µm
_0769_,2.16µm
_0892_,2.16µm
_0896_,2.16µm
_0993_,2.16µm
_1175_,2.16µm
_1387_,2.16µm
_1525_,2.16µm
_1815_,2.16µm
net197,2.16µm
net697,2.16µm
net699,2.16µm
net795,2.16µm
net985,2.16µm
net1054,2.16µm
net1307,2.16µm
_0260_,2.125µm
_0337_,2.125µm
_0437_,2.125µm
_0443_,2.125µm
_0667_,2.125µm
_0958_,2.125µm
net700,2.125µm
_0516_,2.085µm
_0555_,2.085µm
_0859_,2.085µm
_0002_,2.04µm
_0045_,2.04µm
_0054_,2.04µm
_0160_,2.04µm
_1252_,2.04µm
_1819_,2.04µm
_1950_,2.04µm
_1968_,2.04µm
net581,2.04µm
net604,2.04µm
net693,2.04µm
net742,2.04µm
net760,2.04µm
net816,2.04µm
net952,2.04µm
_0268_,2.035µm
_0277_,2.035µm
_0262_,2.025µm
_0274_,2.025µm
_0286_,2.025µm
_0510_,2.025µm
_0618_,2.025µm
_0622_,2.025µm
_0862_,2.025µm
_0872_,2.025µm
_0877_,2.025µm
_1028_,2.005µm
net519,1.94µm
net549,1.94µm
net566,1.94µm
net623,1.94µm
net784,1.94µm
net796,1.94µm
net799,1.94µm
net808,1.94µm
net819,1.94µm
net866,1.94µm
net892,1.94µm
net938,1.94µm
net1006,1.94µm
net1035,1.94µm
net1042,1.94µm
net1063,1.94µm
net1079,1.94µm
_0193_,1.865µm
_0200_,1.865µm
_0269_,1.865µm
_0358_,1.865µm
_0381_,1.865µm
_0408_,1.865µm
_0684_,1.865µm
_0827_,1.865µm
_0849_,1.865µm
_0851_,1.865µm
_0861_,1.865µm
_0867_,1.865µm
_0959_,1.865µm
_1042_,1.865µm
_0745_,1.84µm
_1244_,1.84µm
_1293_,1.84µm
_1347_,1.84µm
_1564_,1.84µm
_1638_,1.84µm
net617,1.84µm
net656,1.84µm
net752,1.84µm
net790,1.84µm
net904,1.84µm
net916,1.84µm
net917,1.84µm
net937,1.84µm
net941,1.84µm
net969,1.84µm
net986,1.84µm
net987,1.84µm
net1023,1.84µm
net1039,1.84µm
net1044,1.84µm
net1051,1.84µm
net1057,1.84µm
net1074,1.84µm
net1082,1.84µm
net1112,1.84µm
net1114,1.84µm
net1117,1.84µm
net1132,1.84µm
net1147,1.84µm
net1152,1.84µm
net1155,1.84µm
net1159,1.84µm
net1186,1.84µm
net1199,1.84µm
net1211,1.84µm
net1221,1.84µm
net1228,1.84µm
net1231,1.84µm
net1234,1.84µm
net1282,1.84µm
net1301,1.84µm
_1248_,1.835µm
_0000_,1.82µm
_0030_,1.82µm
_0038_,1.82µm
_0051_,1.82µm
_0065_,1.82µm
_0098_,1.82µm
_0117_,1.82µm
_0169_,1.82µm
_0710_,1.82µm
_0887_,1.82µm
_0894_,1.82µm
_0899_,1.82µm
_0904_,1.82µm
_0916_,1.82µm
_0921_,1.82µm
_0922_,1.82µm
_1013_,1.82µm
_1021_,1.82µm
_1030_,1.82µm
_1078_,1.82µm
_1766_,1.72µm
_1944_,1.72µm
lsu.load_fifo.data_in\[23\],1.72µm
_0787_,1.7µm
_0917_,1.7µm
_1005_,1.7µm
_1006_,1.7µm
_1079_,1.7µm
_1581_,1.7µm
_1653_,1.7µm
_1736_,1.7µm
_1901_,1.7µm
_1972_,1.7µm
lsu.load_fifo.data_in\[25\],1.7µm
net81,1.7µm
net822,1.7µm
net1029,1.7µm
net818,1.685µm
_1783_,1.6µm
_1789_,1.6µm
_0301_,1.575µm
_0344_,1.575µm
_0650_,1.575µm
_0661_,1.575µm
net1197,1.575µm
_1229_,1.48µm
_1310_,1.48µm
_1324_,1.48µm
_1747_,1.48µm
net602,1.48µm
net611,1.48µm
net612,1.48µm
net625,1.48µm
net664,1.48µm
net683,1.48µm
net727,1.48µm
net778,1.48µm
net814,1.48µm
net888,1.48µm
net895,1.48µm
net909,1.48µm
net913,1.48µm
net931,1.48µm
net955,1.48µm
net978,1.48µm
net1007,1.48µm
net1020,1.48µm
net1069,1.48µm
net1070,1.48µm
net1110,1.48µm
net1142,1.48µm
net1201,1.48µm
net1216,1.48µm
net1260,1.48µm
net1279,1.48µm
net1292,1.48µm
_0267_,1.405µm
_0359_,1.405µm
_0399_,1.405µm
_0856_,1.405µm
_0857_,1.405µm
_0858_,1.405µm
_1659_,1.38µm
_1919_,1.38µm
_1946_,1.38µm
_1961_,1.38µm
_1986_,1.38µm
_2002_,1.38µm
_2018_,1.38µm
_0005_,1.36µm
_0006_,1.36µm
_0007_,1.36µm
_0024_,1.36µm
_0042_,1.36µm
_0057_,1.36µm
_0059_,1.36µm
_0068_,1.36µm
_0075_,1.36µm
_0085_,1.36µm
_0086_,1.36µm
_0087_,1.36µm
_0107_,1.36µm
_0132_,1.36µm
_0173_,1.36µm
_0789_,1.36µm
_0901_,1.36µm
net1033,1.36µm
_0814_,1.26µm
_1647_,1.14µm
_1995_,1.14µm
_1399_,1.02µm
net42,1.02µm
net522,1.02µm
net558,1.02µm
net573,1.02µm
net630,1.02µm
net636,1.02µm
net658,1.02µm
net662,1.02µm
net694,1.02µm
net737,1.02µm
net805,1.02µm
net810,1.02µm
net845,1.02µm
net853,1.02µm
net872,1.02µm
net1008,1.02µm
net1134,1.02µm
net1313,0.92µm
lsu.load_fifo.w_ptr\[2\],0.8µm
_2004_,0.46µm
net1247,0.46µm
net1288,0.46µm
net1302,0.46µm
